1301,東証1部,(株)極洋
1332,東証1部,日本水産(株)
1333,東証1部,マルハニチロ(株)
1352,東証1部,(株)ホウスイ
1376,東証JQS,カネコ種苗(株)
1377,東証1部,(株)サカタのタネ
1378,東証2部,(株)雪国まいたけ
1379,東証1部,ホクト(株)
1380,東証JQS,(株)秋川牧園
1381,東証JQS,(株)アクシーズ
1382,東証JQS,(株)ホーブ
1383,東証JQS,ベルグアース(株)
1400,東証JQG,ルーデン・ホールディングス(株)
1401,福岡Q,(株)エムビーエス
1405,東証2部,サーラ住宅(株)
1407,東証JQS,(株)ウエストホールディングス
1408,東証JQG,サムシングホールディングス(株)
1413,名証2部,(株)桧家ホールディングス
1414,東証1部,ショーボンドホールディングス(株)
1417,東証1部,(株)ミライト・ホールディングス
1418,東証JQS,インターライフホールディングス(株)
1419,東証1部,タマホーム(株)
1420,東証1部,サンヨーホームズ(株)
1429,マザーズ,(株)日本アクア
1491,東証2部,中外鉱業(株)
1514,東証1部,住石ホールディングス(株)
1515,東証1部,日鉄鉱業(株)
1518,東証1部,三井松島産業(株)
1605,東証1部,国際石油開発帝石(株)
1606,東証1部,日本海洋掘削(株)
1662,東証1部,石油資源開発(株)
1663,東証1部,Ｋ＆Ｏエナジーグループ(株)
1711,マザーズ,(株)省電舎
1712,東証1部,(株)ダイセキ環境ソリューション
1716,東証JQS,第一カッター興業(株)
1717,東証JQS,明豊ファシリティワークス(株)
1718,東証JQS,美樹工業(株)
1719,東証1部,安藤ハザマ
1720,東証1部,東急建設(株)
1721,東証1部,コムシスホールディングス(株)
1722,東証1部,ミサワホーム(株)
1723,東証JQS,日本電技(株)
1724,東証JQS,シンクレイヤ(株)
1726,東証2部,(株)ビーアールホールディングス
1728,東証JQS,ミサワホーム中国(株)
1730,東証JQS,麻生フオームクリート(株)
1734,札証,(株)北弘電社
1736,東証JQS,(株)オーテック
1737,東証2部,三井金属エンジニアリング(株)
1738,名証2部,(株)ＮＩＴＴＯＨ
1739,東証JQG,(株)ＳＥＥＤ
1743,東証2部,コーアツ工業(株)
1757,東証2部,クレアホールディングス(株)
1758,東証JQS,太洋基礎工業(株)
1762,東証1部,(株)高松コンストラクショングループ
1764,東証2部,工藤建設(株)
1766,東証1部,東建コーポレーション(株)
1768,東証2部,(株)ソネック
1770,東証JQS,藤田エンジニアリング(株)
1771,福証,日本乾溜工業(株)
1773,東証1部外国,ＹＴＬ
1775,東証2部,富士古河Ｅ＆Ｃ(株)
1776,東証2部,三井住建道路(株)
1777,名証2部,川崎設備工業(株)
1780,東証1部,(株)ヤマウラ
1782,東証JQS,常磐開発(株)
1783,東証JQS,(株)Ａ．Ｃホールディングス
1787,東証JQS,(株)ナカボーテック
1788,東証JQS,(株)三東工業社
1789,東証JQS,山加電業(株)
1793,東証JQS,(株)大本組
1795,東証JQS,(株)マサル
1798,東証JQS,(株)守谷商会
1799,東証JQS,第一建設工業(株)
1801,東証1部,大成建設(株)
1802,東証1部,(株)大林組
1803,東証1部,清水建設(株)
1805,東証1部,飛島建設(株)
1807,東証JQS,(株)佐藤渡辺
1808,東証1部,(株)長谷工コーポレーション
1810,東証1部,松井建設(株)
1811,東証1部,(株)錢高組
1812,東証1部,鹿島
1813,東証1部,(株)不動テトラ
1814,東証1部,大末建設(株)
1815,東証1部,鉄建
1819,東証1部,日鉄住金テックスエンジ(株)
1820,東証1部,西松建設(株)
1821,東証1部,三井住友建設(株)
1822,東証1部,大豊建設(株)
1824,東証1部,前田建設工業(株)
1826,東証1部,佐田建設(株)
1827,東証1部,(株)ナカノフドー建設
1828,東証2部,田辺工業(株)
1832,札証,北海電気工事(株)
1833,東証1部,(株)奥村組
1834,東証1部,大和小田急建設(株)
1835,東証1部,東鉄工業(株)
1840,東証2部,(株)土屋ホールディングス
1841,東証JQS,サンユー建設(株)
1844,東証2部,(株)大盛工業
1846,東証2部,鈴縫工業(株)
1847,東証1部,(株)イチケン
1848,東証2部,(株)富士ピー・エス
1850,東証2部,南海辰村建設(株)
1852,東証1部,(株)淺沼組
1853,東証2部,(株)森組
1860,東証1部,戸田建設(株)
1861,東証1部,(株)熊谷組
1865,東証1部,青木あすなろ建設(株)
1866,東証1部,北野建設(株)
1867,東証1部,(株)植木組
1868,東証1部,三井ホーム(株)
1869,名証2部,名工建設(株)
1870,東証1部,矢作建設工業(株)
1871,東証1部,(株)ピーエス三菱
1873,東証1部,東日本ハウス(株)
1878,東証1部,大東建託(株)
1879,東証1部,新日本建設(株)
1881,東証1部,(株)ＮＩＰＰＯ
1882,東証1部,東亜道路工業(株)
1883,東証1部,前田道路(株)
1884,東証1部,日本道路(株)
1885,東証1部,東亜建設工業(株)
1888,東証1部,若築建設(株)
1890,東証1部,東洋建設(株)
1892,名証2部,徳倉建設(株)
1893,東証1部,五洋建設(株)
1896,東証1部,大林道路(株)
1897,東証2部,金下建設(株)
1898,東証1部,世紀東急工業(株)
1899,東証1部,(株)福田組
1904,東証JQS,大成温調(株)
1905,東証JQS,(株)テノックス
1906,東証JQS,(株)細田工務店
1909,東証1部,日本ドライケミカル(株)
1911,東証1部,住友林業(株)
1914,東証1部,日本基礎技術(株)
1916,東証1部,日成ビルド工業(株)
1919,東証1部,(株)ヤマダ・エスバイエルホーム
1921,東証1部,(株)巴コーポレーション
1924,東証1部,パナホーム(株)
1925,東証1部,大和ハウス工業(株)
1926,東証1部,ライト工業(株)
1928,東証1部,積水ハウス(株)
1929,東証1部,日特建設(株)
1930,東証1部,北陸電気工事(株)
1931,東証2部,日本電通(株)
1933,東証2部,西日本システム建設(株)
1934,東証1部,(株)ユアテック
1935,東証2部,(株)ＴＴＫ
1936,名証1部,シーキューブ(株)
1937,東証1部,西部電気工業(株)
1938,東証2部,日本リーテック(株)
1939,東証1部,(株)四電工
1941,東証1部,(株)中電工
1942,東証1部,(株)関電工
1944,東証1部,(株)きんでん
1945,東証1部,(株)東京エネシス
1946,東証1部,(株)トーエネック
1948,東証2部,(株)弘電社
1949,東証1部,住友電設(株)
1950,東証1部,日本電設工業(株)
1951,東証1部,(株)協和エクシオ
1952,東証1部,新日本空調(株)
1954,東証1部,日本工営(株)
1956,東証1部,ＮＤＳ(株)
1959,東証1部,(株)九電工
1960,東証2部,(株)サンテック
1961,東証1部,三機工業(株)
1963,東証1部,日揮(株)
1964,東証1部,中外炉工業(株)
1965,東証2部,(株)テクノ菱和
1966,東証2部,(株)高田工業所
1967,東証1部,(株)ヤマト
1968,東証1部,太平電業(株)
1969,東証1部,高砂熱学工業(株)
1971,東証2部,中央ビルト工業(株)
1972,東証1部,三晃金属工業(株)
1973,東証1部,ＮＥＣネッツエスアイ(株)
1975,東証1部,(株)朝日工業社
1976,東証1部,明星工業(株)
1979,東証1部,(株)大気社
1980,東証1部,ダイダン(株)
1981,東証JQS,(株)協和日成
1982,東証1部,日比谷総合設備(株)
1983,東証1部,東芝プラントシステム(株)
1984,東証JQS,三信建設工業(株)
1987,東証2部,(株)ソルコム
1989,東証2部,北陸電話工事(株)
1992,東証JQS,神田通信機(株)
1994,東証JQS,高橋カーテンウォール工業(株)
1997,東証JQS,暁飯島工業(株)
1999,福証,サイタホールディングス(株)
2001,東証1部,日本製粉(株)
2002,東証1部,(株)日清製粉グループ本社
2003,東証1部,日東富士製粉(株)
2004,東証1部,昭和産業(株)
2006,東証2部,東福製粉(株)
2008,東証2部,(株)増田製粉所
2009,東証1部,鳥越製粉(株)
2052,東証1部,協同飼料(株)
2053,東証1部,中部飼料(株)
2055,東証2部,日和産業(株)
2056,東証1部,日本配合飼料(株)
2058,福証,(株)ヒガシマル
2107,東証1部,東洋精糖(株)
2108,東証1部,日本甜菜製糖(株)
2109,東証1部,三井製糖(株)
2112,東証1部,塩水港精糖(株)
2114,東証2部,フジ日本精糖(株)
2117,東証2部,日新製糖(株)
2120,東証1部,(株)ネクスト
2121,マザーズ,(株)ミクシィ
2122,マザーズ,(株)インタースペース
2124,東証JQS,ＪＡＣ　Ｒｅｃｒｕｉｔｍｅｎｔ
2127,東証1部,(株)日本Ｍ＆Ａセンター
2128,東証1部,(株)ノバレーゼ
2130,名古屋セ,(株)メンバーズ
2131,東証1部,(株)アコーディア・ゴルフ
2132,東証JQG,(株)アイレップ
2134,東証JQS,燦キャピタルマネージメント(株)
2136,東証JQS,(株)ヒップ
2137,札幌ア,(株)光ハイツ・ヴェラス
2138,東証JQS,クルーズ(株)
2139,名証2部,(株)中広
2144,東証JQG,(株)やまねメディカル
2145,東証JQS,データリンクス(株)
2146,東証JQS,ＵＴホールディングス(株)
2148,マザーズ,アイティメディア(株)
2150,マザーズ,(株)ケアネット
2151,東証1部,(株)タケエイ
2152,東証JQS,幼児活動研究会(株)
2153,東証2部,Ｅ・Ｊホールディングス(株)
2154,東証1部,(株)トラスト・テック
2155,マザーズ,(株)カービュー
2156,東証JQS,セーラー広告(株)
2157,東証JQS,(株)コシダカホールディングス
2158,マザーズ,(株)ＵＢＩＣ
2159,マザーズ,(株)フルスピード
2160,マザーズ,(株)ジーエヌアイグループ
2162,東証JQS,日本マニュファクチャリングサービス(株)
2163,東証JQS,(株)アルトナー
2164,東証JQG,(株)地域新聞社
2165,東証JQS,(株)メガロス
2168,東証1部,(株)パソナグループ
2169,東証1部,ＣＤＳ(株)
2170,東証1部,(株)リンクアンドモチベーション
2172,札幌ア,(株)インサイト
2173,東証JQG,(株)博展
2174,東証1部,ＧＣＡサヴィアン(株)
2175,東証1部,(株)エス・エム・エス
2176,東証JQS,(株)イナリサーチ
2178,マザーズ,(株)トライステージ
2179,東証JQS,(株)成学社
2180,東証JQG,(株)サニーサイドアップ
2181,東証1部,テンプホールディングス(株)
2183,東証1部,(株)リニカル
2185,東証JQS,(株)シイエム・シイ
2186,東証JQS,ソーバル(株)
2190,東証JQS,(株)ＪＣＬバイオアッセイ
2191,東証JQS,テラ(株)
2193,東証1部,クックパッド(株)
2195,東証JQG,アミタホールディングス(株)
2196,東証1部,(株)エスクリ
2198,東証1部,アイ・ケイ・ケイ(株)
2201,東証1部,森永製菓(株)
2204,東証1部,(株)中村屋
2206,東証1部,江崎グリコ(株)
2207,東証1部,名糖産業(株)
2208,東証2部,(株)ブルボン
2209,東証2部,井村屋グループ(株)
2211,東証1部,(株)不二家
2212,東証1部,山崎製パン(株)
2215,東証1部,第一屋製パン(株)
2216,東証2部,カンロ(株)
2217,東証1部,モロゾフ(株)
2218,札証,日糧製パン(株)
2220,東証1部,亀田製菓(株)
2221,東証JQS,岩塚製菓(株)
2222,東証1部,寿スピリッツ(株)
2224,東証JQS,(株)コモ
2226,東証JQS,(株)フレンテ
2228,東証JQS,(株)シベール
2229,東証1部,カルビー(株)
2264,東証1部,森永乳業(株)
2266,東証1部,六甲バター(株)
2267,東証1部,(株)ヤクルト本社
2268,東証JQS,Ｂ?Ｒ　サーティワン　アイスクリーム(株)
2269,東証1部,明治ホールディングス(株)
2270,東証1部,雪印メグミルク(株)
2281,東証1部,プリマハム(株)
2282,東証1部,日本ハム(株)
2284,東証1部,伊藤ハム(株)
2286,東証1部,林兼産業(株)
2288,東証1部,丸大食品(株)
2290,東証1部,米久(株)
2291,東証2部,福留ハム(株)
2292,東証1部,Ｓ　ＦＯＯＤＳ(株)
2293,東証JQS,滝沢ハム(株)
2294,東証JQS,(株)柿安本店
2300,東証JQS,(株)きょくとう
2301,東証1部,(株)学情
2303,東証JQS,(株)ドーン
2304,東証JQS,(株)ＣＳＳホールディングス
2305,東証1部,(株)スタジオアリス
2307,東証JQS,(株)クロスキャット
2309,東証1部,シミックホールディングス(株)
2311,東証JQS,(株)エプコ
2315,東証JQS,(株)ＳＪＩ
2317,東証1部,(株)システナ
2321,東証JQG,(株)ソフトフロント
2322,東証1部,ＮＥＣフィールディング(株)
2323,東証JQS,(株)ｆｏｎｆｕｎ
2325,東証2部,日本上下水道設計(株)
2326,東証1部,デジタルアーツ(株)
2327,東証1部,新日鉄住金ソリューションズ(株)
2329,東証JQS,(株)東北新社
2330,東証JQS,(株)ＳｍａｒｔＥｂｏｏｋ．ｃｏｍ
2331,東証1部,ＡＬＳＯＫ
2332,東証JQS,(株)クエスト
2335,東証1部,(株)キューブシステム
2337,東証JQS,いちごグループホールディングス(株)
2338,マザーズ,(株)ファステップス
2340,東証JQS,(株)極楽湯
2341,東証JQS,(株)アルバイトタイムス
2342,マザーズ,(株)トランスジェニック
2344,東証JQS,平安レイサービス(株)
2345,マザーズ,(株)システム・テクノロジー・アイ
2349,東証JQS,(株)エヌアイデイ
2351,マザーズ,(株)ＡＳＪ
2352,マザーズ,(株)エイジア
2353,東証1部,日本駐車場開発(株)
2354,東証2部,安川情報システム(株)
2359,東証1部,(株)コア
2362,東証JQS,(株)夢真ホールディングス
2369,マザーズ,(株)メディビックグループ
2370,マザーズ,(株)メディネット
2371,東証1部,(株)カカクコム
2372,東証1部,(株)アイロムホールディングス
2373,東証JQS,(株)ケア２１
2374,東証JQS,セントケア・ホールディング(株)
2375,マザーズ,スリープログループ(株)
2376,東証JQS,(株)サイネックス
2378,東証1部,(株)ルネサンス
2379,東証1部,ディップ(株)
2384,東証1部,ＳＢＳホールディングス(株)
2385,マザーズ,(株)総医研ホールディングス
2388,東証JQG,(株)ウェッジホールディングス
2389,東証1部,(株)オプト
2391,東証JQS,(株)プラネット
2393,マザーズ,(株)日本ケアサプライ
2395,東証1部,(株)新日本科学
2397,マザーズ,(株)ＤＮＡチップ研究所
2398,東証1部,(株)ツクイ
2399,東証1部,(株)綜合臨床ホールディングス
2400,東証JQS,(株)メッセージ
2402,マザーズ,(株)アマナ
2404,マザーズ,(株)鉄人化計画
2405,マザーズ,(株)フジコー
2406,東証JQS,(株)アルテ　サロン　ホールディングス
2408,東証JQS,(株)ＫＧ情報
2410,東証1部,(株)キャリアデザインセンター
2411,東証JQS,ゲンダイエージェンシー(株)
2412,東証2部,(株)ベネフィット・ワン
2413,東証1部,エムスリー(株)
2415,東証JQS,ヒューマンホールディングス(株)
2417,東証2部,(株)ツヴァイ
2418,東証1部,(株)ベストブライダル
2425,東証JQG,(株)ケアサービス
2427,東証1部,(株)アウトソーシング
2428,東証2部,ウェルネット(株)
2429,東証JQS,(株)ワールドインテック
2432,東証1部,(株)ディー・エヌ・エー
2433,東証1部,(株)博報堂ＤＹホールディングス
2434,東証JQS,(株)丸誠
2435,東証JQS,(株)シダー
2436,東証JQS,共同ピーアール(株)
2437,東証JQS,シンワアートオークション(株)
2438,マザーズ,(株)アスカネット
2440,東証1部,(株)ぐるなび
2445,東証2部,エスアールジータカミヤ(株)
2449,東証JQS,(株)プラップジャパン
2450,東証1部,(株)一休
2453,東証1部,ジャパンベストレスキューシステム(株)
2454,東証JQS,(株)オールアバウト
2458,東証JQS,(株)夢テクノロジー
2459,マザーズ,アウンコンサルティング(株)
2461,東証1部,(株)ファンコミュニケーションズ
2462,東証1部,ジェイコムホールディングス(株)
2464,マザーズ,(株)ビジネス・ブレークスルー
2466,東証1部,ＰＧＭホールディングス(株)
2467,名古屋セ,(株)バルクホールディングス
2468,マザーズ,(株)フュートレック
2469,東証JQS,ヒビノ(株)
2471,東証JQS,(株)エスプール
2475,東証1部,ＷＤＢホールディングス(株)
2477,マザーズ,比較．ｃｏｍ(株)
2479,東証JQG,(株)ジェイテック
2480,東証JQS,システム・ロケーション(株)
2481,東証JQS,(株)タウンニュース社
2483,東証JQS,(株)翻訳センター
2484,東証JQS,夢の街創造委員会(株)
2485,東証1部,(株)ティア
2487,東証JQS,(株)ＣＤＧ
2488,東証JQS,日本サード・パーティ(株)
2489,マザーズ,(株)アドウェイズ
2491,東証1部,バリューコマース(株)
2492,マザーズ,(株)インフォマート
2493,東証JQS,イーサポートリンク(株)
2497,マザーズ,ユナイテッド(株)
2498,東証JQS,(株)ＡＣＫグループ
2499,東証2部,日本和装ホールディングス(株)
2501,東証1部,サッポロホールディングス(株)
2502,東証1部,アサヒグループホールディングス(株)
2503,東証1部,キリンホールディングス(株)
2531,東証1部,宝ホールディングス(株)
2533,東証1部,オエノンホールディングス(株)
2538,東証2部,ジャパン・フード＆リカー・アライアンス(株)
2540,東証1部,養命酒製造(株)
2551,名証2部,マルサンアイ(株)
2573,東証2部,北海道コカ・コーラボトリング(株)
2579,東証1部,コカ・コーラウエスト(株)
2580,東証1部,コカ・コーライーストジャパン(株)
2587,東証1部,サントリー食品インターナショナル(株)
2588,東証2部,(株)ウォーターダイレクト
2590,東証1部,ダイドードリンコ(株)
2593,東証1部,(株)伊藤園
2594,東証1部,キーコーヒー(株)
2597,東証1部,(株)ユニカフェ
2599,東証1部,ジャパンフーズ(株)
2602,東証1部,日清オイリオグループ(株)
2607,東証1部,不二製油(株)
2608,東証2部,ボーソー油脂(株)
2611,東証2部,攝津製油(株)
2612,東証1部,かどや製油(株)
2613,東証1部,(株)Ｊ?オイルミルズ
2651,東証1部,(株)ローソン
2652,マザーズ,(株)まんだらけ
2653,東証JQS,イオン九州(株)
2654,東証2部,(株)アスモ
2655,東証2部,マックスバリュ東北(株)
2656,東証JQS,(株)ベクター
2658,東証JQS,ウライ(株)
2659,東証1部,(株)サンエー
2660,東証1部,(株)キリン堂
2662,東証1部,(株)ダイユーエイト
2664,東証1部,(株)カワチ薬品
2665,東証2部,三井情報(株)
2666,東証JQS,(株)オートウェーブ
2667,東証JQS,(株)イメージ　ワン
2668,東証2部,タビオ(株)
2669,東証JQS,カネ美食品(株)
2670,東証1部,(株)エービーシー・マート
2673,東証JQS,夢みつけ隊(株)
2674,東証1部,(株)ハードオフコーポレーション
2675,東証2部,(株)ダイナック
2676,東証1部,高千穂交易(株)
2678,東証1部,アスクル(株)
2681,東証1部,(株)ゲオホールディングス
2683,東証2部,(株)魚喜
2685,東証1部,(株)アダストリアホールディングス
2686,名証2部,(株)ジーフット
2687,東証1部,(株)シー・ヴイ・エス・ベイエリア
2689,東証2部,(株)カワニシホールディングス
2692,東証1部,伊藤忠食品(株)
2693,東証JQS,ＹＫＴ(株)
2694,東証JQS,(株)ジー・テイスト
2695,東証1部,(株)くらコーポレーション
2698,東証1部,(株)キャンドゥ
2700,東証JQS,木徳神糧(株)
2702,東証JQS,日本マクドナルドホールディングス(株)
2703,東証JQS,日本ライトン(株)
2705,東証JQS,(株)大戸屋ホールディングス
2706,東証JQS,(株)ブロッコリー
2708,東証JQS,(株)久世
2710,東証JQS,(株)シーエスロジネット
2712,東証JQS,スターバックス　コーヒー　ジャパン(株)
2714,東証JQS,プラマテルズ(株)
2715,東証1部,エレマテック(株)
2719,東証2部,(株)キタムラ
2721,東証JQS,(株)ジェイホールディングス
2722,東証JQS,(株)アイケイ
2724,東証JQG,インスパイアー(株)
2726,東証1部,(株)パル
2729,東証1部,(株)ＪＡＬＵＸ
2730,東証1部,(株)エディオン
2733,東証1部,(株)あらた
2734,東証1部,(株)サーラコーポレーション
2735,東証1部,(株)ワッツ
2736,東証JQS,(株)サダマツ
2737,東証1部,(株)トーメンデバイス
2742,東証JQS,(株)ハローズ
2743,東証JQS,ハイブリッド・サービス(株)
2747,東証JQS,北雄ラッキー(株)
2749,東証1部,(株)ＪＰホールディングス
2750,東証JQS,石光商事(株)
2751,東証JQS,(株)テンポスバスターズ
2752,東証JQS,(株)フジオフードシステム
2753,東証1部,(株)あみやき亭
2754,東証JQS,(株)東葛ホールディングス
2759,東証JQS,(株)アイフラッグ
2760,東証1部,東京エレクトロン　デバイス(株)
2761,東証JQS,トシン・グループ(株)
2762,東証2部,(株)三光マーケティングフーズ
2763,東証JQS,(株)エフティコミュニケーションズ
2764,東証1部,(株)ひらまつ
2766,マザーズ,日本風力開発(株)
2767,東証JQS,フィールズ(株)
2768,東証1部,双日(株)
2769,東証JQS,(株)ヴィレッジヴァンガードコーポレーション
2772,東証1部,ゲンキー(株)
2773,東証JQS,(株)ミューチュアル
2776,東証JQS,(株)クリムゾン
2777,東証JQS,(株)カッシーナ・イクスシー
2778,東証JQS,(株)パレモ
2780,東証2部,(株)コメ兵
2782,東証JQS,(株)セリア
2784,東証1部,アルフレッサ　ホールディングス(株)
2786,東証2部,(株)サッポロドラッグストアー
2788,マザーズ,アップルインターナショナル(株)
2789,東証JQS,(株)カルラ
2790,東証JQS,(株)ナフコ
2791,東証1部,大黒天物産(株)
2792,東証1部,(株)ハニーズ
2795,東証JQS,日本プリメックス(株)
2796,東証2部,ファーマライズホールディングス(株)
2798,マザーズ,(株)ワイズテーブルコーポレーション
2799,東証JQS,(株)パイオン
2801,東証1部,キッコーマン(株)
2802,東証1部,味の素(株)
2804,東証2部,ブルドックソース(株)
2805,東証2部,ヱスビー食品(株)
2806,東証2部,ユタカフーズ(株)
2809,東証1部,キユーピー(株)
2810,東証1部,ハウス食品グループ本社(株)
2811,東証1部,カゴメ(株)
2812,東証1部,焼津水産化学工業(株)
2813,東証JQS,和弘食品(株)
2814,東証JQS,佐藤食品工業(株)
2815,東証1部,アリアケジャパン(株)
2816,東証2部,(株)ダイショー
2817,東証JQS,(株)ギャバン
2818,東証2部,(株)ピエトロ
2819,東証2部,エバラ食品工業(株)
2830,東証2部,アヲハタ(株)
2831,東証2部,はごろもフーズ(株)
2871,東証1部,(株)ニチレイ
2872,東証2部,(株)セイヒョー
2874,東証1部,ヨコレイ
2875,東証1部,東洋水産(株)
2876,東証JQS,(株)ジェーシー・コムサ
2877,東証JQS,日東ベスト(株)
2882,東証1部,イートアンド(株)
2892,東証2部,日本食品化工(株)
2894,東証2部,石井食品(株)
2897,東証1部,日清食品ホールディングス(株)
2899,東証1部,(株)永谷園
2901,東証JQS,石垣食品(株)
2902,名証2部,太陽化学(株)
2903,東証2部,シノブフーズ(株)
2904,東証2部,一正蒲鉾(株)
2905,東証JQS,オーケー食品工業(株)
2907,東証2部,(株)あじかん
2908,東証1部,フジッコ(株)
2910,東証1部,(株)ロック・フィールド
2911,東証2部,旭松食品(株)
2914,東証1部,ＪＴ
2915,東証1部,ケンコーマヨネーズ(株)
2916,東証JQS,仙波糖化工業(株)
2917,東証JQS,(株)大森屋
2918,東証1部,わらべや日洋(株)
2919,福証,(株)マルタイ
2922,東証1部,(株)なとり
2923,東証2部,サトウ食品工業(株)
2924,東証2部,イフジ産業(株)
2925,東証JQS,(株)ピックルスコーポレーション
2926,マザーズ,(株)篠崎屋
2927,東証JQS,(株)ＡＦＣ?ＨＤアムスライフサイエンス
2928,札幌ア,健康コーポレーション(株)
2929,マザーズ,(株)ファーマフーズ
2930,札証,(株)北の達人コーポレーション
2931,マザーズ,(株)ユーグレナ
3001,東証1部,片倉工業(株)
3002,東証1部,グンゼ(株)
3003,東証1部,ヒューリック(株)
3004,東証1部,神栄(株)
3010,東証2部,価値開発(株)
3011,東証2部,(株)バナーズ
3020,東証JQS,アプライド(株)
3021,マザーズ,(株)パシフィックネット
3022,東証1部,山下医科器械(株)
3023,東証1部,ラサ商事(株)
3024,東証JQS,クリエイト(株)
3027,東証JQS,(株)レデイ薬局
3028,東証1部,(株)アルペン
3030,東証JQS,(株)ハブ
3031,マザーズ,(株)ラクーン
3032,名古屋セ,(株)ゴルフ・ドゥ
3034,東証1部,クオール(株)
3035,東証JQS,ケイティケイ(株)
3036,東証1部,アルコニックス(株)
3038,東証1部,(株)神戸物産
3040,東証JQS,(株)ソリトンシステムズ
3041,マザーズ,(株)ビューティ花壇
3042,東証JQG,(株)セキュアヴェイル
3043,東証JQG,モジュレ(株)
3045,東証2部,(株)カワサキ
3046,東証1部,(株)ジェイアイエヌ
3047,福岡Q,(株)ＴＲＵＣＫ?ＯＮＥ
3048,東証1部,(株)ビックカメラ
3050,東証1部,ＤＣＭホールディングス(株)
3053,マザーズ,(株)ペッパーフードサービス
3054,東証JQS,(株)ハイパー
3055,札証,(株)ほくやく・竹山ホールディングス
3057,名古屋セ,(株)ゼットン
3058,東証JQS,(株)三洋堂ホールディングス
3059,東証2部,ヒラキ(株)
3063,マザーズ,(株)ジェイグループホールディングス
3064,東証1部,(株)ＭｏｎｏｔａＲＯ
3065,東証JQS,(株)ライフフーズ
3066,名証2部,(株)ＪＢイレブン
3067,マザーズ,(株)東京一番フーズ
3068,東証JQS,(株)ＷＤＩ
3069,東証JQS,(株)アスラポート・ダイニング
3070,東証JQG,(株)アマガサ
3071,マザーズ,(株)ストリーム
3073,東証JQS,(株)ダイヤモンドダイニング
3075,東証JQS,(株)銚子丸
3076,東証1部,あい　ホールディングス(株)
3077,東証JQS,ホリイフードサービス(株)
3079,東証2部,ディーブイエックス(株)
3080,東証JQS,(株)ジェーソン
3082,東証1部,(株)きちり
3083,東証JQS,(株)シーズメン
3085,東証1部,アークランドサービス(株)
3086,東証1部,Ｊ．フロント　リテイリング(株)
3087,東証1部,(株)ドトール・日レスホールディングス
3088,東証1部,(株)マツモトキヨシホールディングス
3089,東証JQS,テクノアルファ(株)
3090,東証JQG,ミネルヴァ・ホールディングス(株)
3091,東証1部,(株)ブロンコビリー
3092,東証1部,(株)スタートトゥデイ
3093,マザーズ,(株)トレジャー・ファクトリー
3094,東証JQS,(株)スーパーバリュー
3096,東証JQS,(株)オーシャンシステム
3097,東証1部,(株)物語コーポレーション
3098,東証1部,(株)ココカラファイン
3099,東証1部,(株)三越伊勢丹ホールディングス
3101,東証1部,東洋紡(株)
3103,東証1部,ユニチカ(株)
3104,東証1部,富士紡ホールディングス(株)
3105,東証1部,日清紡ホールディングス(株)
3106,東証1部,クラボウ
3107,東証1部,ダイワボウホールディングス(株)
3109,東証1部,シキボウ(株)
3110,東証1部,日東紡(株)
3111,東証2部,オーミケンシ(株)
3113,東証2部,Ｏａｋ　キャピタル(株)
3116,東証1部,トヨタ紡織(株)
3121,東証2部,マーチャント・バンカーズ(株)
3123,東証2部,サイボー(株)
3125,東証2部,新内外綿(株)
3140,東証JQG,(株)イデアインターナショナル
3141,東証1部,ウエルシアホールディングス(株)
3143,東証2部,オーウイル(株)
3147,東証JQS,(株)リックコーポレーション
3148,東証1部,(株)クリエイトＳＤホールディングス
3150,東証JQS,(株)グリムス
3151,東証1部,(株)バイタルケーエスケー・ホールディングス
3153,東証1部,八洲電機(株)
3154,東証JQS,メディアスホールディングス(株)
3156,東証1部,(株)ＵＫＣホールディングス
3157,東証JQS,ジューテックホールディングス(株)
3159,東証1部,丸善ＣＨＩホールディングス(株)
3160,東証2部,(株)大光
3161,東証2部,アゼアス(株)
3165,東証JQS,(株)フーマイスターエレクトロニクス
3166,東証2部,ＯＣＨＩホールディングス(株)
3167,東証1部,(株)ＴＯＫＡＩホールディングス
3168,東証2部,(株)クロタニコーポレーション
3169,マザーズ,(株)ミサワ
3170,東証JQS,(株)アイセイ薬局
3171,東証JQS,マックスバリュ九州(株)
3172,東証JQS,ティーライフ(株)
3173,東証JQS,大阪工機(株)
3174,東証JQS,(株)ハピネス・アンド・ディ
3175,東証1部,(株)エー・ピーカンパニー
3176,東証1部,三洋貿易(株)
3177,東証JQS,(株)ありがとうサービス
3178,東証1部,チムニー(株)
3179,マザーズ,シュッピン(株)
3180,マザーズ,(株)ビューティガレージ
3181,東証JQS,(株)買取王国
3182,マザーズ,オイシックス(株)
3183,東証2部,ウイン・パートナーズ(株)
3184,東証2部,ＩＣＤＡホールディングス(株)
3185,マザーズ,夢展望(株)
3186,マザーズ,(株)ネクステージ
3187,マザーズ,(株)サンワカンパニー
3189,東証JQS,(株)ＡＮＡＰ
3190,東証JQS,(株)ホットマン
3191,東証1部,(株)ジョイフル本田
3192,東証JQS,(株)白鳩
3201,東証1部,ニッケ
3202,東証1部,大東紡織(株)
3204,東証1部,(株)トーア紡コーポレーション
3205,東証1部,(株)ダイドーリミテッド
3209,東証2部,カネヨウ(株)
3225,東証1部,東京建物不動産販売(株)
3228,東証1部,(株)三栄建築設計
3230,東証JQS,スター・マイカ(株)
3231,東証1部,野村不動産ホールディングス(株)
3232,名証1部,三重交通グループホールディングス(株)
3236,東証JQS,(株)プロパスト
3237,マザーズ,(株)イントランス
3238,東証2部,セントラル総合開発(株)
3241,東証JQS,(株)ウィル
3242,東証JQS,(株)アーバネットコーポレーション
3244,東証JQS,サムティ(株)
3245,マザーズ,(株)ディア・ライフ
3246,東証JQS,(株)コーセーアールイー
3248,マザーズ,(株)アールエイジ
3250,東証JQS,(株)エー・ディー・ワークス
3251,マザーズ,(株)駐車場綜合研究所
3252,名証2部,日本商業開発(株)
3254,東証1部,(株)プレサンスコーポレーション
3258,東証1部,常和ホールディングス(株)
3260,名古屋セ,(株)エスポア
3261,福岡Q,(株)グランディーズ
3264,東証JQS,(株)アスコット
3266,東証JQS,(株)ファンドクリエーショングループ
3271,東証2部,(株)ＴＨＥグローバル社
3275,東証JQS,ハウスコム(株)
3276,東証2部,日本管理センター(株)
3277,東証2部,(株)サンセイランディック
3280,マザーズ,(株)エストラスト
3284,東証1部,(株)フージャースホールディングス
3286,マザーズ,トラストホールディングス(株)
3288,東証1部,(株)オープンハウス
3289,東証1部,東急不動産ホールディングス(株)
3291,東証1部,飯田グループホールディングス(株)
3293,東証JQS,アズマハウス(株)
3294,東証JQS,(株)イーグランド
3297,東証JQS,(株)東武住販
3299,マザーズ,(株)ムゲンエステート
3302,東証1部,帝国繊維(株)
3306,東証2部,日本製麻(株)
3313,東証1部,ブックオフコーポレーション(株)
3315,東証1部,日本コークス工業(株)
3316,東証JQS,東京日産コンピュータシステム(株)
3317,東証JQS,(株)フライングガーデン
3318,東証JQS,(株)メガネスーパー
3319,マザーズ,(株)ゴルフダイジェスト・オンライン
3320,東証2部,クロスプラス(株)
3321,東証1部,ミタチ産業(株)
3322,東証JQS,アルファグループ(株)
3323,東証JQS,レカム(株)
3325,マザーズ,ケンコーコム(株)
3326,東証JQS,(株)ランシステム
3328,マザーズ,(株)ネットプライスドットコム
3329,東証JQS,東和フードサービス(株)
3331,東証JQS,(株)雑貨屋ブルドッグ
3333,東証1部,(株)あさひ
3341,東証1部,日本調剤(株)
3344,東証JQS,(株)ワンダーコーポレーション
3346,名古屋セ,２１ＬＡＤＹ(株)
3347,マザーズ,(株)トラスト
3349,東証1部,(株)コスモス薬品
3350,東証JQS,(株)レッド・プラネット・ジャパン
3352,東証JQS,(株)バッファロー
3353,東証JQS,(株)メディカル一光
3355,東証2部,クリヤマホールディングス(株)
3356,東証JQS,(株)テリロジー
3358,東証JQS,ワイエスフード(株)
3359,マザーズ,(株)タイセイ
3360,東証1部,シップヘルスケアホールディングス(株)
3361,東証1部,(株)トーエル
3366,東証1部,(株)一六堂
3370,東証JQS,(株)フジタコーポレーション
3371,東証1部,(株)ソフトクリエイトホールディングス
3372,マザーズ,(株)関門海
3374,東証JQS,内外テック(株)
3375,東証JQS,(株)ＺＯＡ
3376,東証JQS,(株)オンリー
3377,東証2部,(株)バイク王＆カンパニー
3382,東証1部,(株)セブン＆アイ・ホールディングス
3383,名古屋セ,(株)ノア
3384,名古屋セ,(株)アークコア
3385,東証2部,(株)薬王堂
3386,東証JQS,コスモ・バイオ(株)
3387,東証1部,(株)クリエイト・レストランツ・ホールディングス
3388,東証2部,明治電機工業(株)
3390,東証JQS,ユニバーサルソリューションシステムズ(株)
3391,東証1部,(株)ツルハホールディングス
3392,東証2部,デリカフーズ(株)
3393,東証1部,スターティア(株)
3394,マザーズ,(株)ネットワークバリューコンポネンツ
3395,東証1部,(株)サンマルクホールディングス
3396,東証1部,(株)フェリシモ
3397,東証1部,(株)トリドール
3398,東証1部,(株)クスリのアオキ
3399,東証JQS,(株)丸千代山岡家
3401,東証1部,帝人(株)
3402,東証1部,東レ(株)
3405,東証1部,(株)クラレ
3407,東証1部,旭化成(株)
3408,東証1部,サカイオーベックス(株)
3409,東証2部,北日本紡績(株)
3420,東証2部,(株)ケー・エフ・シー
3421,東証1部,(株)稲葉製作所
3422,名証2部,(株)丸順
3423,東証JQS,(株)エスイー
3424,東証JQS,ミヤコ(株)
3426,東証JQS,アトムリビンテック(株)
3431,東証1部,宮地エンジニアリンググループ(株)
3433,東証1部,トーカロ(株)
3434,東証1部,(株)アルファ
3435,東証JQS,サンコーテクノ(株)
3436,東証1部,(株)ＳＵＭＣＯ
3437,東証JQS,特殊電極(株)
3439,東証JQS,(株)三ツ知
3440,福岡Q,日創プロニティ(株)
3441,東証JQS,(株)山王
3442,名証2部,(株)ＭＩＥコーポレーション
3443,東証1部,川田テクノロジーズ(株)
3444,東証JQS,(株)菊池製作所
3501,東証1部,住江織物(株)
3512,東証1部,日本フエルト(株)
3513,東証1部,イチカワ(株)
3514,東証1部,日本バイリーン(株)
3515,東証JQS,(株)フジコー
3521,東証1部,エコナックホールディングス(株)
3524,東証1部,日東製網(株)
3526,東証1部,芦森工業(株)
3528,東証2部,(株)グローベルス
3529,東証1部,アツギ(株)
3551,東証1部,ダイニック(株)
3553,東証1部,共和レザー(株)
3569,東証1部,セーレン(株)
3571,東証2部,(株)ソトー
3577,東証1部,東海染工(株)
3578,東証2部,倉庫精練(株)
3580,東証1部,小松精練(株)
3583,東証2部,オーベクス(株)
3587,東証JQS,(株)プリンシバル・コーポレーション
3591,東証1部,(株)ワコールホールディングス
3593,東証1部,(株)ホギメディカル
3597,東証2部,(株)自重堂
3598,東証2部,山喜(株)
3599,東証JQS,(株)コーコス信岡
3600,東証2部,(株)フジックス
3604,東証2部,川本産業(株)
3606,東証1部,(株)レナウン
3607,東証1部,(株)クラウディア
3608,東証1部,(株)ＴＳＩホールディングス
3622,マザーズ,ネットイヤーグループ(株)
3623,マザーズ,ビリングシステム(株)
3624,マザーズ,アクセルマーク(株)
3625,東証JQG,テックファーム(株)
3626,東証1部,ＩＴホールディングス(株)
3627,東証1部,ネオス(株)
3628,マザーズ,(株)データホライゾン
3630,東証1部,(株)電算システム
3632,東証1部,グリー(株)
3633,東証JQS,ＧＭＯペパボ(株)
3634,マザーズ,(株)ソケッツ
3635,東証1部,コーエーテクモホールディングス(株)
3636,東証1部,(株)三菱総合研究所
3639,東証1部,(株)ボルテージ
3640,東証1部,(株)電算
3641,東証JQS,(株)パピレス
3645,マザーズ,日本メディカルネットコミュニケーションズ(株)
3646,マザーズ,(株)駅探
3647,マザーズ,(株)コネクトホールディングス
3648,東証1部,ＡＧＳ(株)
3649,東証JQS,(株)ピーエスシー
3652,マザーズ,(株)ディジタルメディアプロフェッショナル
3653,マザーズ,(株)モルフォ
3654,東証1部,(株)ヒト・コミュニケーションズ
3655,東証1部,(株)ブレインパッド
3656,東証1部,ＫＬａｂ(株)
3657,東証1部,ポールトゥウィン・ピットクルーホールディングス(株)
3658,東証1部,(株)イーブックイニシアティブジャパン
3659,東証1部,(株)ネクソン
3660,東証1部,(株)アイスタイル
3661,東証1部,(株)エムアップ
3662,東証1部,(株)エイチーム
3663,東証2部,アートスパークホールディングス(株)
3664,マザーズ,(株)モブキャスト
3665,マザーズ,(株)エニグモ
3666,東証JQS,(株)テクノスジャパン
3667,東証1部,(株)ｅｎｉｓｈ
3668,東証1部,(株)コロプラ
3669,東証1部,モバイルクリエイト(株)
3670,東証JQS,協立情報通信(株)
3671,マザーズ,ソフトマックス(株)
3672,東証1部,(株)オルトプラス
3673,東証1部,(株)ブロードリーフ
3674,マザーズ,(株)オークファン
3675,マザーズ,(株)クロス・マーケティンググループ
3676,東証1部,(株)ハーツユナイテッドグループ
3677,東証JQS,(株)システム情報
3678,マザーズ,(株)メディアドゥ
3679,マザーズ,(株)じげん
3680,マザーズ,(株)ホットリンク
3681,マザーズ,(株)ブイキューブ
3682,マザーズ,エンカレッジ・テクノロジ(株)
3683,東証JQS,(株)サイバーリンクス
3685,マザーズ,(株)みんなのウェディング
3686,マザーズ,(株)ディー・エル・イー
3687,マザーズ,(株)フィックスターズ
3708,東証1部,特種東海製紙(株)
3710,東証JQS,ジョルダン(株)
3711,東証JQS,(株)創通
3712,マザーズ,(株)情報企画
3715,東証1部,(株)ドワンゴ
3719,東証JQS,(株)ジェクシード
3723,マザーズ,日本ファルコム(株)
3724,東証1部,(株)ベリサーブ
3726,マザーズ,(株)フェヴリナホールディングス
3727,マザーズ,アプリックスＩＰホールディングス(株)
3731,マザーズ,(株)京王ズホールディングス
3733,東証JQS,(株)ソフトウェア・サービス
3734,マザーズ,(株)インテア・ホールディングス
3738,東証1部,(株)ティーガイア
3739,名古屋セ,コムシード(株)
3741,東証JQS,(株)セック
3742,マザーズ,ＩＴｂｏｏｋ(株)
3744,マザーズ,サイオステクノロジー(株)
3747,マザーズ,(株)インタートレード
3750,東証2部,セブンシーズホールディングス(株)
3751,マザーズ,日本アジアグループ(株)
3753,マザーズ,(株)フライトホールディングス
3754,東証JQS,エキサイト(株)
3756,東証1部,(株)豆蔵ホールディングス
3758,東証JQS,(株)アエリア
3760,東証JQS,(株)ケイブ
3762,東証1部,テクマトリックス(株)
3763,東証JQS,(株)プロシップ
3765,東証JQS,ガンホー・オンライン・エンターテイメント(株)
3766,東証JQS,システムズ・デザイン(株)
3768,東証JQS,リスクモンスター(株)
3769,東証1部,ＧＭＯペイメントゲートウェイ(株)
3770,東証1部,(株)ザッパラス
3771,東証JQS,(株)システムリサーチ
3772,マザーズ,ドリームバイザー・ホールディングス(株)
3773,マザーズ,(株)アドバンスト・メディア
3774,東証1部,(株)インターネットイニシアティブ
3775,名古屋セ,(株)ガイアックス
3776,東証JQS,(株)ブロードバンドタワー
3777,東証JQG,(株)ジオネクスト
3778,マザーズ,さくらインターネット(株)
3779,東証JQS,ジェイ・エスコム　ホールディングス(株)
3782,マザーズ,(株)ディー・ディー・エス
3784,東証JQS,(株)ヴィンクス
3785,マザーズ,(株)エイティング
3787,マザーズ,(株)テクノマセマティカル
3788,マザーズ,ＧＭＯクラウド(株)
3790,東証JQS,日本オフィス・システム(株)
3791,東証JQS,(株)ＩＧポート
3793,マザーズ,(株)ドリコム
3794,東証2部,エヌ・デーソフトウェア(株)
3796,マザーズ,(株)いい生活
3798,東証JQS,ＵＬＳグループ(株)
3799,東証2部,キーウェアソリューションズ(株)
3800,東証JQS,(株)ビーエスピー
3802,札幌ア,(株)エコミック
3803,東証JQG,イメージ情報開発(株)
3804,東証JQS,(株)システム　ディ
3807,東証JQG,(株)フィスコ
3808,名古屋セ,(株)オウケイウェイヴ
3810,マザーズ,サイバーステップ(株)
3811,東証1部,(株)ビットアイル
3814,東証JQG,(株)アルファクス・フード・システム
3815,マザーズ,(株)メディア工房
3816,東証JQS,(株)大和コンピューター
3817,東証1部,(株)ＳＲＡホールディングス
3822,東証JQS,(株)Ｍｉｎｏｒｉソリューションズ
3823,マザーズ,(株)アクロディア
3824,福岡Q,メディアファイブ(株)
3825,マザーズ,(株)リミックスポイント
3826,東証1部,(株)システムインテグレータ
3827,マザーズ,ジャパンインベスト・グループ
3828,東証2部,ニフティ(株)
3830,名古屋セ,(株)ギガプライズ
3831,東証1部,(株)パイプドビッツ
3832,東証JQG,(株)Ｔ＆Ｃホールディングス
3834,東証1部,(株)朝日ネット
3835,東証JQS,ｅＢＡＳＥ(株)
3836,東証JQG,(株)アバント
3837,東証JQS,アドソル日進(株)
3839,東証JQS,(株)ＯＤＫソリューションズ
3840,マザーズ,イー・キャッシュ(株)
3841,東証JQS,(株)ジーダット
3842,東証JQG,(株)ネクストジェン
3843,マザーズ,フリービット(株)
3844,東証1部,コムチュア(株)
3845,東証JQS,(株)アイフリークホールディングス
3847,東証JQS,パシフィックシステム(株)
3848,東証JQS,(株)データ・アプリケーション
3849,札幌ア,日本テクノ・ラボ(株)
3850,マザーズ,(株)ＮＴＴデータイントラマート
3851,東証JQS,(株)日本一ソフトウェア
3852,東証JQS,サイバーコム(株)
3853,マザーズ,インフォテリア(株)
3854,東証JQG,(株)アイル
3856,マザーズ,リアルコム(株)
3857,東証JQS,(株)ラック
3858,東証JQS,(株)ユビキタス
3859,東証JQS,シナジーマーケティング(株)
3861,東証1部,王子ホールディングス(株)
3863,東証1部,日本製紙(株)
3864,東証1部,三菱製紙(株)
3865,東証1部,北越紀州製紙(株)
3877,東証1部,中越パルプ工業(株)
3878,東証1部,(株)巴川製紙所
3880,東証1部,大王製紙(株)
3891,東証JQS,ニッポン高度紙工業(株)
3892,東証JQS,(株)岡山製紙
3895,東証JQS,ハビックス(株)
3896,東証2部,阿波製紙(株)
3941,東証1部,レンゴー(株)
3943,福証,大石産業(株)
3944,東証2部,古林紙工(株)
3945,東証2部,スーパーバッグ(株)
3946,東証1部,(株)トーモク
3947,東証2部,ダイナパック(株)
3948,東証JQS,光ビジネスフォーム(株)
3950,東証1部,ザ・パック(株)
3951,東証2部,朝日印刷(株)
3952,名証2部,中央紙器工業(株)
3953,東証JQS,大村紙業(株)
3954,東証JQS,昭和パックス(株)
3955,東証2部,(株)イムラ封筒
3956,東証JQS,国際チャート(株)
4003,東証1部,コープケミカル(株)
4004,東証1部,昭和電工(株)
4005,東証1部,住友化学(株)
4007,東証1部,日本化成(株)
4008,東証1部,住友精化(株)
4021,東証1部,日産化学工業(株)
4022,東証1部,ラサ工業(株)
4023,東証1部,(株)クレハ
4025,東証1部,多木化学(株)
4026,東証2部,神島化学工業(株)
4027,東証1部,テイカ(株)
4028,東証1部,石原産業(株)
4031,東証1部,片倉チッカリン(株)
4033,東証2部,日東エフシー(株)
4041,東証1部,日本曹達(株)
4042,東証1部,東ソー(株)
4043,東証1部,(株)トクヤマ
4044,東証1部,セントラル硝子(株)
4045,東証1部,東亞合成(株)
4046,東証1部,ダイソー(株)
4047,東証1部,関東電化工業(株)
4061,東証1部,電気化学工業(株)
4062,東証1部,イビデン(株)
4063,東証1部,信越化学工業(株)
4064,東証1部,日本カーバイド工業(株)
4078,東証1部,堺化学工業(株)
4080,東証JQS,(株)田中化学研究所
4082,東証2部,第一稀元素化学工業(株)
4088,東証1部,エア・ウォーター(株)
4091,東証1部,大陽日酸(株)
4092,東証1部,日本化学工業(株)
4093,東証2部,東邦アセチレン(株)
4094,東証2部,日本化学産業(株)
4095,東証1部,日本パーカライジング(株)
4097,東証1部,高圧ガス工業(株)
4098,東証1部,チタン工業(株)
4099,東証1部,四国化成工業(株)
4100,東証1部,戸田工業(株)
4102,東証2部,丸尾カルシウム(株)
4107,東証2部,伊勢化学工業(株)
4109,東証1部,ステラ　ケミファ(株)
4112,東証1部,保土谷化学工業(株)
4113,東証2部,田岡化学工業(株)
4114,東証1部,(株)日本触媒
4115,東証2部,本州化学工業(株)
4116,東証1部,大日精化工業(株)
4117,東証2部,川崎化成工業(株)
4118,東証1部,(株)カネカ
4119,東証2部,日本ピグメント(株)
4120,東証2部,スガイ化学工業(株)
4151,東証1部,協和発酵キリン(株)
4182,東証1部,三菱ガス化学(株)
4183,東証1部,三井化学(株)
4185,東証1部,ＪＳＲ(株)
4186,東証1部,東京応化工業(株)
4187,東証1部,大阪有機化学工業(株)
4188,東証1部,(株)三菱ケミカルホールディングス
4201,東証1部,日本合成化学工業(株)
4202,東証1部,(株)ダイセル
4203,東証1部,住友ベークライト(株)
4204,東証1部,積水化学工業(株)
4205,東証1部,日本ゼオン(株)
4206,東証1部,アイカ工業(株)
4208,東証1部,宇部興産(株)
4212,東証1部,積水樹脂(株)
4215,東証1部,タキロン(株)
4216,東証1部,旭有機材工業(株)
4217,東証1部,日立化成(株)
4218,東証1部,ニチバン(株)
4220,東証1部,リケンテクノス(株)
4221,東証1部,大倉工業(株)
4222,東証2部,児玉化学工業(株)
4224,東証2部,ロンシール工業(株)
4228,東証1部,積水化成品工業(株)
4229,東証1部,群栄化学工業(株)
4231,東証1部,タイガースポリマー(株)
4234,東証JQS,(株)サンエー化研
4235,東証JQS,第一化成(株)
4237,東証JQS,フジプレアム(株)
4238,東証1部,ミライアル(株)
4239,東証JQS,(株)ポラテクノ
4240,東証JQG,クラスターテクノロジー(株)
4241,東証JQS,(株)アテクト
4242,東証JQS,(株)タカギセイコー
4243,東証JQS,(株)ニックス
4245,東証2部,(株)ダイキアクシス
4246,東証1部,ダイキョーニシカワ(株)
4247,名証2部,ポバール興業(株)
4272,東証1部,日本化薬(株)
4274,東証JQS,細谷火工(株)
4275,東証1部,カーリットホールディングス(株)
4281,東証JQS,デジタル・アドバタイジング・コンソーシアム(株)
4282,東証1部,イーピーエス(株)
4283,東証1部,パナソニック　インフォメーションシステムズ(株)
4284,東証JQS,(株)ソルクシーズ
4286,東証JQS,(株)レッグス
4287,東証JQS,(株)ジャストプランニング
4288,東証JQS,(株)アズジェント
4290,東証1部,(株)プレステージ・インターナショナル
4291,東証2部,(株)ＪＩＥＣ
4293,東証JQS,(株)セプテーニ・ホールディングス
4295,東証1部,(株)フェイス
4298,東証JQS,(株)プロトコーポレーション
4299,東証2部,(株)ハイマックス
4301,東証1部,(株)アミューズ
4304,東証JQS,(株)Ｅストアー
4307,東証1部,(株)野村総合研究所
4308,マザーズ,(株)Ｊストリーム
4310,東証1部,(株)ドリームインキュベータ
4312,東証1部,サイバネットシステム(株)
4316,東証JQG,(株)ビーマップ
4317,東証JQS,(株)レイ
4318,東証2部,(株)クイック
4319,東証1部,ＴＡＣ(株)
4320,マザーズ,(株)ＣＥホールディングス
4321,東証1部,ケネディクス(株)
4323,東証2部,日本システム技術(株)
4324,東証1部,(株)電通
4326,東証1部,(株)インテージホールディングス
4327,東証JQS,日本エス・エイチ・エル(株)
4331,東証1部,(株)テイクアンドギヴ・ニーズ
4333,東証1部,(株)東邦システムサイエンス
4334,東証JQS,(株)ユークス
4335,東証JQS,(株)アイ・ピー・エス
4336,東証JQS,(株)クリエアナブキ
4337,東証1部,ぴあ(株)
4341,東証2部,西菱電機(株)
4342,東証2部,セコム上信越(株)
4343,東証1部,(株)イオンファンタジー
4344,東証1部,ソースネクスト(株)
4345,東証JQS,(株)シーティーエス
4346,東証1部,(株)ネクシィーズ
4347,東証JQS,ブロードメディア(株)
4348,東証JQS,インフォコム(株)
4349,名証2部,(株)テスク
4350,東証1部,(株)メディカルシステムネットワーク
4351,東証JQS,(株)山田債権回収管理総合事務所
4355,東証JQS,ロングライフホールディング(株)
4356,東証JQS,応用技術(株)
4358,東証1部,(株)ティー・ワイ・オー
4361,東証2部,川口化学工業(株)
4362,東証1部,日本精化(株)
4364,東証2部,マナック(株)
4365,東証JQS,松本油脂製薬(株)
4366,東証2部,ダイトーケミックス(株)
4367,東証2部,広栄化学工業(株)
4368,東証JQS,扶桑化学工業(株)
4369,東証JQS,(株)トリケミカル研究所
4401,東証1部,(株)ＡＤＥＫＡ
4403,東証1部,日油(株)
4404,東証1部,ミヨシ油脂(株)
4406,東証1部,新日本理化(株)
4409,東証2部,東邦化学工業(株)
4410,東証1部,ハリマ化成グループ(株)
4452,東証1部,花王(株)
4461,東証1部,第一工業製薬(株)
4462,東証2部,石原ケミカル(株)
4463,名証2部,日華化学(株)
4464,東証2部,(株)ソフト９９コーポレーション
4465,東証2部,(株)ニイタカ
4471,東証1部,三洋化成工業(株)
4502,東証1部,武田薬品工業(株)
4503,東証1部,アステラス製薬(株)
4506,東証1部,大日本住友製薬(株)
4507,東証1部,塩野義製薬(株)
4508,東証1部,田辺三菱製薬(株)
4512,東証1部,わかもと製薬(株)
4514,東証1部,あすか製薬(株)
4516,東証1部,日本新薬(株)
4517,東証1部,ビオフェルミン製薬(株)
4519,東証1部,中外製薬(株)
4521,東証1部,科研製薬(株)
4523,東証1部,エーザイ(株)
4524,東証2部,森下仁丹(株)
4526,東証2部,理研ビタミン(株)
4527,東証1部,ロート製薬(株)
4528,東証1部,小野薬品工業(株)
4530,東証1部,久光製薬(株)
4531,東証1部,有機合成薬品工業(株)
4534,東証1部,持田製薬(株)
4536,東証1部,参天製薬(株)
4538,東証1部,扶桑薬品工業(株)
4539,東証1部,日本ケミファ(株)
4540,東証1部,(株)ツムラ
4541,東証1部,日医工(株)
4543,東証1部,テルモ(株)
4544,東証1部,みらかホールディングス(株)
4547,東証1部,キッセイ薬品工業(株)
4548,東証1部,生化学工業(株)
4549,東証1部,栄研化学(株)
4550,東証1部,日水製薬(株)
4551,東証1部,鳥居薬品(株)
4552,東証1部,ＪＣＲファーマ(株)
4553,東証1部,東和薬品(株)
4554,東証1部,富士製薬工業(株)
4555,東証1部,沢井製薬(株)
4556,東証JQS,(株)カイノス
4557,東証JQS,(株)医学生物学研究所
4558,東証JQS,(株)中京医薬品
4559,東証1部,ゼリア新薬工業(株)
4563,マザーズ,アンジェス　ＭＧ(株)
4564,マザーズ,オンコセラピー・サイエンス(株)
4565,マザーズ,そーせいグループ(株)
4568,東証1部,第一三共(株)
4569,東証1部,キョーリン製薬ホールディングス(株)
4570,東証JQG,(株)免疫生物研究所
4571,マザーズ,ナノキャリア(株)
4572,東証JQG,カルナバイオサイエンス(株)
4573,東証JQS,(株)アールテック・ウエノ
4574,東証1部,大幸薬品(株)
4575,マザーズ,(株)キャンバス
4576,東証JQG,(株)デ・ウエスタン・セラピテクス研究所
4577,東証1部,ダイト(株)
4578,東証1部,大塚ホールディングス(株)
4579,東証JQG,ラクオリア創薬(株)
4581,東証1部,大正製薬ホールディングス(株)
4582,東証JQG,シンバイオ製薬(株)
4583,マザーズ,(株)カイオム・バイオサイエンス
4584,マザーズ,(株)ジーンテクノサイエンス
4585,マザーズ,(株)ＵＭＮファーマ
4586,マザーズ,(株)メドレックス
4587,マザーズ,ペプチドリーム(株)
4588,マザーズ,オンコリスバイオファーマ(株)
4589,マザーズ,アキュセラ
4611,東証1部,大日本塗料(株)
4612,東証1部,日本ペイント(株)
4613,東証1部,関西ペイント(株)
4615,東証1部,神東塗料(株)
4616,東証2部,川上塗料(株)
4617,東証1部,中国塗料(株)
4619,東証1部,日本特殊塗料(株)
4620,東証1部,藤倉化成(株)
4621,東証2部,ロックペイント(株)
4623,東証2部,(株)アサヒペン
4624,東証2部,イサム塗料(株)
4625,東証JQS,アトミクス(株)
4626,東証1部,太陽ホールディングス(株)
4627,東証JQS,ナトコ(株)
4628,東証JQS,エスケー化研(株)
4629,東証JQS,大伸化学(株)
4631,東証1部,ＤＩＣ(株)
4633,東証1部,サカタインクス(株)
4634,東証1部,東洋インキＳＣホールディングス(株)
4635,東証2部,東京インキ(株)
4636,東証1部,(株)Ｔ＆Ｋ　ＴＯＫＡ
4640,東証JQS,アンドール(株)
4641,東証1部,(株)アルプス技研
4642,東証2部,オリジナル設計(株)
4644,東証JQS,イマジニア(株)
4645,東証JQS,(株)市進ホールディングス
4649,名証2部,大成(株)
4650,東証JQS,(株)ゲオディノス
4651,東証1部,(株)サニックス
4653,東証1部,(株)ダイオーズ
4656,東証JQS,(株)サン・ライフ
4657,東証JQS,(株)環境管理センター
4658,東証1部,日本空調サービス(株)
4659,東証JQS,(株)エイジス
4661,東証1部,(株)オリエンタルランド
4662,東証JQS,(株)フォーカスシステムズ
4664,東証JQS,ＲＳＣ
4665,東証1部,(株)ダスキン
4666,東証1部,パーク２４(株)
4667,東証JQS,アイサンテクノロジー(株)
4668,東証1部,(株)明光ネットワークジャパン
4669,東証JQS,(株)ニッパンレンタル
4671,東証1部,(株)ファルコＳＤホールディングス
4673,東証JQS,川崎地質(株)
4674,東証1部,(株)クレスコ
4676,東証1部,(株)フジ・メディア・ホールディングス
4678,東証1部,(株)秀英予備校
4679,東証1部,(株)田谷
4680,東証1部,(株)ラウンドワン
4681,東証1部,リゾートトラスト(株)
4684,東証1部,(株)オービック
4685,東証JQS,(株)菱友システムズ
4686,東証1部,(株)ジャストシステム
4687,東証1部,ＴＤＣソフトウェアエンジニアリング(株)
4689,東証1部,ヤフー(株)
4690,東証JQS,日本パレットプール(株)
4694,東証1部,(株)ビー・エム・エル
4695,東証2部,(株)マイスターエンジニアリング
4696,東証1部,ワタベウェディング(株)
4699,東証JQS,ウチダエスコ(株)
4704,東証1部,トレンドマイクロ(株)
4705,東証JQS,(株)クリップコーポレーション
4707,東証JQS,(株)キタック
4708,東証1部,(株)もしもしホットライン
4709,東証2部,(株)インフォメーション・ディベロプメント
4712,東証JQS,アドアーズ(株)
4714,東証1部,(株)リソー教育
4716,東証1部,日本オラクル(株)
4718,東証1部,(株)早稲田アカデミー
4719,東証1部,(株)アルファシステムズ
4720,東証JQS,(株)城南進学研究社
4722,東証1部,フューチャーアーキテクト(株)
4725,東証1部,(株)ＣＡＣ　Ｈｏｌｄｉｎｇｓ
4726,東証1部,ソフトバンク・テクノロジー(株)
4728,東証1部,(株)トーセ
4732,東証1部,(株)ユー・エス・エス
4733,東証1部,(株)オービックビジネスコンサルタント
4734,東証JQS,(株)ビーイング
4735,東証2部,(株)京進
4736,東証JQS,日本ラッド(株)
4739,東証1部,伊藤忠テクノソリューションズ(株)
4743,東証1部,(株)アイティフォー
4744,マザーズ,(株)メッツ
4745,東証1部,(株)東京個別指導学院
4746,東証1部,(株)東計電算
4748,東証JQS,(株)構造計画研究所
4750,東証2部,(株)ダイサン
4751,マザーズ,(株)サイバーエージェント
4752,東証JQS,(株)昭和システムエンジニアリング
4754,東証JQS,(株)トスネット
4755,東証1部,楽天(株)
4760,東証JQS,(株)アルファ
4761,東証2部,(株)さくらケーシーエス
4762,東証1部,(株)エックスネット
4763,東証JQS,(株)クリーク・アンド・リバー社
4764,東証JQG,(株)デジタルデザイン
4765,東証JQS,モーニングスター(株)
4766,マザーズ,(株)ピーエイ
4767,東証1部,(株)テー・オー・ダブリュー
4768,東証1部,(株)大塚商会
4769,東証JQS,(株)インフォメーションクリエーティブ
4770,マザーズ,図研エルミック(株)
4771,東証JQS,(株)エフアンドエム
4772,東証JQG,(株)デジタルアドベンチャー
4775,東証1部,総合メディカル(株)
4776,東証1部,サイボウズ(株)
4777,東証JQS,(株)ガーラ
4779,東証1部,ソフトブレーン(株)
4781,東証2部,日本ハウズイング(株)
4783,東証JQS,日本コンピュータ・ダイナミクス(株)
4784,東証JQS,ＧＭＯアドパートナーズ(株)
4792,東証JQS,山田コンサルティンググループ(株)
4793,東証JQS,(株)富士通ビー・エス・シー
4798,東証2部,(株)エル・シー・エーホールディングス
4799,東証1部,(株)アグレックス
4800,東証JQS,オリコン(株)
4801,東証1部,セントラルスポーツ(株)
4809,東証1部,パラカ(株)
4812,東証1部,ＩＳＩＤ
4813,マザーズ,(株)ＡＣＣＥＳＳ
4814,東証JQS,ネクストウェア(株)
4816,東証JQS,東映アニメーション(株)
4819,東証JQS,(株)デジタルガレージ
4820,東証1部,(株)ＥＭシステムズ
4824,マザーズ,(株)メディアシーク
4825,東証1部,(株)ウェザーニューズ
4826,東証1部,(株)ＣＩＪ
4827,福岡Q,ビジネス・ワンホールディングス(株)
4828,東証1部,東洋ビジネスエンジニアリング(株)
4829,東証1部,日本エンタープライズ(株)
4832,東証2部,ＪＦＥシステムズ(株)
4833,東証JQG,(株)ぱど
4834,札証,キャリアバンク(株)
4837,東証JQS,シダックス(株)
4838,東証JQS,(株)スペースシャワーネットワーク
4839,東証1部,(株)ＷＯＷＯＷ
4840,東証JQG,(株)トライアイズ
4842,東証JQS,(株)ＵＳＥＮ
4845,東証2部,(株)フュージョンパートナー
4847,東証JQS,(株)インテリジェント　ウェイブ
4848,東証1部,(株)フルキャストホールディングス
4849,東証JQS,エン・ジャパン(株)
4850,東証1部外国,ダウ・ケミカル
4875,東証JQS,メディシノバ
4901,東証1部,富士フイルムホールディングス(株)
4902,東証1部,コニカミノルタ(株)
4911,東証1部,(株)資生堂
4912,東証1部,ライオン(株)
4914,東証1部,高砂香料工業(株)
4917,東証1部,(株)マンダム
4918,東証JQS,(株)アイビー化粧品
4919,東証1部,(株)ミルボン
4920,東証JQS,(株)日本色材工業研究所
4921,東証1部,(株)ファンケル
4922,東証1部,(株)コーセー
4923,東証1部,コタ(株)
4924,東証1部,(株)ドクターシーラボ
4925,東証JQS,(株)ハーバー研究所
4926,東証1部,(株)シーボン
4927,東証1部,(株)ポーラ・オルビスホールディングス
4928,東証1部,(株)ノエビアホールディングス
4929,東証1部,(株)アジュバンコスメジャパン
4951,東証1部,エステー(株)
4952,東証2部,(株)エス・ディー・エス　バイオテック
4955,東証2部,アグロ　カネショウ(株)
4956,東証1部,コニシ(株)
4957,東証2部,ヤスハラケミカル(株)
4958,東証1部,長谷川香料(株)
4960,東証2部,ケミプロ化成(株)
4962,東証2部,互応化学工業(株)
4963,東証1部,星光ＰＭＣ(株)
4965,東証JQS,曽田香料(株)
4966,東証2部,上村工業(株)
4967,東証1部,小林製薬(株)
4968,東証1部,荒川化学工業(株)
4970,東証JQS,東洋合成工業(株)
4971,東証1部,メック(株)
4972,東証JQS,綜研化学(株)
4973,東証1部,日本高純度化学(株)
4974,マザーズ,タカラバイオ(株)
4975,東証1部,(株)ＪＣＵ
4976,東証JQS,東洋ドライルーブ(株)
4977,東証1部,新田ゼラチン(株)
4978,東証JQG,(株)リプロセル
4979,東証2部,ＯＡＴアグリオ(株)
4985,東証1部,アース製薬(株)
4987,東証2部,(株)寺岡製作所
4989,東証1部,イハラケミカル工業(株)
4990,東証2部,昭和化学工業(株)
4992,東証1部,北興化学工業(株)
4994,東証1部,大成ラミック(株)
4995,福証,サンケイ化学(株)
4996,東証1部,クミアイ化学工業(株)
4997,東証1部,日本農薬(株)
4998,東証2部,フマキラー(株)
4999,東証2部,セメダイン(株)
5002,東証1部,昭和シェル石油(株)
5007,東証1部,コスモ石油(株)
5008,東証2部,東亜石油(株)
5009,東証1部,富士興産(株)
5010,東証2部,日本精蝋(株)
5011,東証1部,ニチレキ(株)
5012,東証1部,東燃ゼネラル石油(株)
5013,東証1部,ユシロ化学工業(株)
5015,東証1部,ビーピー・カストロール(株)
5017,東証1部,富士石油(株)
5018,東証1部,(株)ＭＯＲＥＳＣＯ
5019,東証1部,出光興産(株)
5020,東証1部,ＪＸホールディングス(株)
5101,東証1部,横浜ゴム(株)
5103,東証2部,昭和ホールディングス(株)
5104,東証2部,日東化工(株)
5105,東証1部,東洋ゴム工業(株)
5108,東証1部,(株)ブリヂストン
5110,東証1部,住友ゴム工業(株)
5121,東証1部,藤倉ゴム工業(株)
5122,東証1部,オカモト(株)
5142,東証1部,アキレス(株)
5161,東証2部,西川ゴム工業(株)
5162,東証JQS,(株)朝日ラバー
5184,東証2部,(株)ニチリン
5185,東証1部,(株)フコク
5186,東証1部,ニッタ(株)
5187,東証1部,クリエートメディック(株)
5189,東証2部,櫻護謨(株)
5191,東証1部,東海ゴム工業(株)
5192,東証1部,三ツ星ベルト(株)
5194,東証2部,相模ゴム工業(株)
5195,東証1部,バンドー化学(株)
5196,東証1部,鬼怒川ゴム工業(株)
5199,東証JQS,不二ラテックス(株)
5201,東証1部,旭硝子(株)
5202,東証1部,日本板硝子(株)
5204,東証1部,石塚硝子(株)
5208,東証1部,(株)有沢製作所
5210,東証1部,日本山村硝子(株)
5212,東証JQS,不二硝子(株)
5214,東証1部,日本電気硝子(株)
5216,東証JQS,(株)倉元製作所
5217,東証JQS,テクノクオーツ(株)
5218,東証1部,(株)オハラ
5232,東証1部,住友大阪セメント(株)
5233,東証1部,太平洋セメント(株)
5234,東証1部,(株)デイ・シイ
5237,東証2部,(株)ノザワ
5261,東証1部,リゾートソリューション(株)
5262,東証1部,日本ヒューム(株)
5268,東証2部,旭コンクリート工業(株)
5269,東証1部,日本コンクリート工業(株)
5271,東証2部,(株)トーヨーアサノ
5273,東証1部,三谷セキサン(株)
5277,東証JQS,(株)スパンクリートコーポレーション
5279,東証JQS,日本興業(株)
5280,東証JQS,ヨシコン(株)
5282,東証2部,ジオスター(株)
5283,東証JQS,(株)高見澤
5284,東証JQS,(株)ヤマウ
5285,東証JQS,(株)ヤマックス
5287,東証2部,(株)イトーヨーギョー
5288,東証1部,ジャパンパイル(株)
5289,東証2部,ゼニス羽田(株)
5301,東証1部,東海カーボン(株)
5302,東証1部,日本カーボン(株)
5304,東証2部,ＳＥＣカーボン(株)
5310,東証1部,東洋炭素(株)
5331,東証1部,(株)ノリタケカンパニーリミテド
5332,東証1部,ＴＯＴＯ(株)
5333,東証1部,日本ガイシ(株)
5334,東証1部,日本特殊陶業(株)
5337,東証1部,ダントーホールディングス(株)
5341,東証2部,アサヒ衛陶(株)
5342,名証2部,ジャニス工業(株)
5343,名証2部,ニッコー(株)
5344,東証1部,(株)ＭＡＲＵＷＡ
5351,東証1部,品川リフラクトリーズ(株)
5352,東証1部,黒崎播磨(株)
5355,東証2部,日本ルツボ(株)
5356,名証2部,美濃窯業(株)
5357,東証1部,(株)ヨータイ
5358,東証1部,イソライト工業(株)
5363,東証1部,(株)ＴＹＫ
5367,東証1部,(株)ニッカトー
5380,東証JQS,新東(株)
5381,東証JQS,Ｍｉｐｏｘ(株)
5384,東証1部,(株)フジミインコーポレーテッド
5386,東証2部,(株)鶴弥
5387,東証JQS,チヨダウーテ(株)
5388,東証JQS,クニミネ工業(株)
5389,東証2部,日本レヂボン(株)
5391,東証1部,(株)エーアンドエーマテリアル
5393,東証1部,ニチアス(株)
5395,東証2部,理研コランダム(株)
5398,東証2部,日本研紙(株)
5401,東証1部,新日鐵住金(株)
5406,東証1部,(株)神戸製鋼所
5408,東証1部,(株)中山製鋼所
5410,東証1部,合同製鐵(株)
5411,東証1部,ジェイ　エフ　イー　ホールディングス(株)
5412,東証1部外国,(株)ポスコ
5413,東証1部,日新製鋼(株)
5423,東証1部,東京製鐵(株)
5440,東証1部,共英製鋼(株)
5444,東証1部,大和工業(株)
5445,東証1部,東京鐵鋼(株)
5446,東証2部,北越メタル(株)
5448,東証JQS,東京鋼鐵(株)
5449,東証1部,大阪製鐵(株)
5451,東証1部,(株)淀川製鋼所
5453,東証1部,東洋鋼鈑(株)
5456,東証JQS,朝日工業(株)
5458,東証2部,高砂鐵工(株)
5461,名証1部,中部鋼鈑(株)
5463,東証1部,丸一鋼管(株)
5464,東証1部,モリ工業(株)
5471,東証1部,大同特殊鋼(株)
5476,東証1部,日本高周波鋼業(株)
5480,東証1部,日本冶金工業(株)
5481,東証1部,山陽特殊製鋼(株)
5482,東証1部,愛知製鋼(株)
5484,東証JQS,東北特殊鋼(株)
5486,東証1部,日立金属(株)
5491,東証1部,日本金属(株)
5541,東証1部,大平洋金属(株)
5542,東証JQS,新報国製鉄(株)
5563,東証1部,日本電工(株)
5602,東証1部,(株)栗本鐵工所
5603,東証1部,虹技(株)
5607,名証2部,中央可鍛工業(株)
5609,東証2部,日本鋳造(株)
5610,東証2部,大和重工(株)
5612,東証1部,日本鋳鉄管(株)
5614,東証2部,(株)川金ホールディングス
5631,東証1部,(株)日本製鋼所
5632,東証1部,三菱製鋼(株)
5644,東証2部,(株)メタルアート
5657,東証2部,鈴木金属工業(株)
5658,東証1部,日亜鋼業(株)
5659,東証1部,日本精線(株)
5660,東証2部,神鋼鋼線工業(株)
5695,東証JQS,パウダーテック(株)
5697,東証2部,(株)サンユウ
5698,東証2部,(株)エンビプロ・ホールディングス
5702,東証1部,(株)大紀アルミニウム工業所
5703,東証1部,日本軽金属ホールディングス(株)
5706,東証1部,三井金属
5707,東証1部,東邦亜鉛(株)
5711,東証1部,三菱マテリアル(株)
5713,東証1部,住友金属鉱山(株)
5714,東証1部,ＤＯＷＡホールディングス(株)
5715,東証1部,古河機械金属(株)
5721,東証1部,(株)エス・サイエンス
5724,東証JQS,(株)アサカ理研
5726,東証1部,(株)大阪チタニウムテクノロジーズ
5727,東証1部,東邦チタニウム(株)
5729,東証2部,日本精鉱(株)
5741,東証1部,(株)ＵＡＣＪ
5742,東証JQS,エヌアイシ・オートテック(株)
5753,東証2部,日本伸銅(株)
5757,名証2部,(株)ＣＫサンエツ
5758,東証JQS,ＦＣＭ(株)
5781,東証2部,東邦金属(株)
5801,東証1部,古河電気工業(株)
5802,東証1部,住友電気工業(株)
5803,東証1部,(株)フジクラ
5805,東証1部,昭和電線ホールディングス(株)
5807,東証1部,東京特殊電線(株)
5809,東証1部,タツタ電線(株)
5815,東証1部,沖電線(株)
5816,東証2部,オーナンバ(株)
5817,東証2部,日本電線工業(株)
5819,東証1部,カナレ電気(株)
5820,東証JQS,(株)三ッ星
5821,東証1部,平河ヒューテック(株)
5851,東証1部,リョービ(株)
5852,東証1部,(株)アーレスティ
5856,東証2部,(株)東理ホールディングス
5857,東証1部,アサヒホールディングス(株)
5900,東証JQS,(株)ダイケン
5901,東証1部,東洋製罐グループホールディングス(株)
5902,東証1部,ホッカンホールディングス(株)
5903,東証JQS,ＳＨＩＮＰＯ(株)
5905,東証2部,日本製罐(株)
5906,東証JQS,エムケー精工(株)
5907,東証2部,ＪＦＥコンテイナー(株)
5909,東証1部,(株)コロナ
5911,東証1部,(株)横河ブリッジホールディングス
5912,東証1部,ＯＳＪＢホールディングス(株)
5915,東証1部,(株)駒井ハルテック
5918,東証2部,瀧上工業(株)
5921,東証2部,川岸工業(株)
5922,東証2部,那須電機鉄工(株)
5923,東証1部,高田機工(株)
5928,東証2部,アルメタックス(株)
5929,東証1部,三和ホールディングス(株)
5930,東証1部,文化シヤッター(株)
5932,東証1部,三協立山(株)
5933,東証2部,アルインコ(株)
5935,東証JQS,元旦ビューティ工業(株)
5936,東証1部,東洋シヤッター(株)
5938,東証1部,(株)ＬＩＸＩＬグループ
5939,東証JQS,(株)大谷工業
5940,東証2部,不二サッシ(株)
5941,東証2部,(株)中西製作所
5942,東証1部,日本フイルコン(株)
5943,東証1部,(株)ノーリツ
5945,東証JQS,天龍製鋸(株)
5946,東証1部,(株)長府製作所
5947,東証1部,リンナイ(株)
5949,東証1部,ユニプレス(株)
5950,東証2部,日本パワーファスニング(株)
5951,東証1部,ダイニチ工業(株)
5952,東証2部,アマテイ(株)
5953,福証,昭和鉄工(株)
5955,東証2部,(株)ヤマシナ
5956,東証2部,トーソー(株)
5957,東証1部,日東精工(株)
5958,東証1部,三洋工業(株)
5959,東証1部,岡部(株)
5962,東証2部,浅香工業(株)
5964,東証2部,東洋刃物(株)
5965,東証2部,(株)フジマック
5966,東証2部,ＫＴＣ(株)
5967,東証2部,ＴＯＮＥ(株)
5969,東証2部,(株)ロブテックス
5970,東証JQS,(株)ジーテクト
5971,東証JQS,(株)共和工業所
5973,東証2部,(株)トーアミ
5974,東証1部,中国工業(株)
5975,東証1部,東プレ(株)
5976,東証1部,ネツレン(株)
5979,名証2部,カネソウ(株)
5981,東証1部,東京製綱(株)
5982,東証2部,(株)マルゼン
5983,東証JQS,イワブチ(株)
5984,東証2部,兼房(株)
5985,東証1部,サンコール(株)
5986,東証1部,モリテック　スチール(株)
5987,東証JQS,(株)オーネックス
5988,東証1部,(株)パイオラックス
5989,東証JQS,(株)エイチワン
5990,東証JQS,(株)スーパーツール
5991,東証1部,ニッパツ
5992,東証1部,中央発條(株)
5993,名証2部,知多鋼業(株)
5994,東証2部,(株)ファインシンター
5997,東証JQS,協立エアテック(株)
5998,東証1部,(株)アドバネクス
5999,東証JQS,イハラサイエンス(株)
6005,東証1部,三浦工業(株)
6013,東証1部,(株)タクマ
6016,東証2部,神戸発動機(株)
6018,東証2部,阪神内燃機工業(株)
6022,東証2部,(株)赤阪鐵工所
6023,東証2部,ダイハツディーゼル(株)
6042,東証2部,(株)ニッキ
6050,マザーズ,イー・ガーディアン(株)
6051,東証JQS,(株)アイ・アール　ジャパン
6052,東証JQS,(株)イーピーミント
6053,東証2部,栄光ホールディングス(株)
6054,東証1部,(株)リブセンス
6055,東証1部,ジャパンマテリアル(株)
6058,マザーズ,(株)ベクトル
6059,東証2部,(株)ウチヤマホールディングス
6060,東証JQS,こころネット(株)
6061,東証JQS,(株)ユニバーサル園芸社
6062,東証JQS,(株)チャーム・ケア・コーポレーション
6063,東証JQS,日本エマージェンシーアシスタンス(株)
6064,マザーズ,(株)アクトコール
6065,東証1部,サクセスホールディングス(株)
6067,マザーズ,(株)メディアフラッグ
6068,東証JQS,(株)Ｐ＆Ｐホールディングス
6069,マザーズ,トレンダーズ(株)
6070,東証2部,キャリアリンク(株)
6071,東証JQS,(株)ＩＢＪ
6072,マザーズ,地盤ネット(株)
6073,東証1部,(株)アサンテ
6074,東証JQS,(株)ジェイエスエス
6075,マザーズ,(株)フォトクリエイト
6076,福証,(株)アメイズ
6077,マザーズ,(株)Ｎ・フィールド
6078,東証JQS,(株)バリューＨＲ
6079,マザーズ,(株)エナリス
6080,マザーズ,Ｍ＆Ａキャピタルパートナーズ(株)
6081,マザーズ,アライドアーキテクツ(株)
6082,マザーズ,(株)ライドオン・エクスプレス
6083,東証1部,ＥＲＩホールディングス(株)
6084,マザーズ,(株)オウチーノ
6085,マザーズ,アーキテクツ・スタジオ・ジャパン(株)
6086,マザーズ,シンプロメンテ(株)
6087,東証JQS,(株)アビスト
6088,マザーズ,(株)シグマクシス
6089,東証2部,(株)ウィルグループ
6090,マザーズ,ヒューマン・メタボローム・テクノロジーズ(株)
6091,東証2部,(株)ウエスコホールディングス
6092,マザーズ,(株)エンバイオ・ホールディングス
6093,東証JQS,(株)エスクロー・エージェント・ジャパン
6094,マザーズ,(株)フリークアウト
6095,マザーズ,メドピア(株)
6096,マザーズ,(株)レアジョブ
6101,東証1部,(株)ツガミ
6103,東証1部,オークマ(株)
6104,東証1部,東芝機械(株)
6111,名証2部,旭精機工業(株)
6112,東証2部,(株)小島鐵工所
6113,東証1部,(株)アマダ
6118,東証1部,アイダエンジニアリング(株)
6121,東証1部,(株)滝澤鉄工所
6125,東証2部,(株)岡本工作機械製作所
6131,東証2部,浜井産業(株)
6134,名証1部,富士機械製造(株)
6135,東証1部,(株)牧野フライス製作所
6136,東証1部,ＯＳＧ
6137,東証2部,小池酸素工業(株)
6138,東証1部,ダイジェット工業(株)
6140,東証1部,旭ダイヤモンド工業(株)
6141,東証1部,ＤＭＧ森精機(株)
6142,名証2部,富士精工(株)
6143,東証2部,(株)ソディック
6144,東証2部,西部電機(株)
6145,東証JQS,日特エンジニアリング(株)
6146,東証1部,(株)ディスコ
6147,東証JQS,(株)ヤマザキ
6149,東証JQS,(株)小田原エンジニアリング
6150,東証JQS,タケダ機械(株)
6151,東証1部,日東工器(株)
6155,東証2部,高松機械工業(株)
6156,東証JQS,(株)エーワン精密
6157,東証JQS,日進工具(株)
6158,東証JQS,(株)和井田製作所
6159,東証JQS,ミクロン精密(株)
6161,マザーズ,(株)エスティック
6163,東証JQS,(株)エイチアンドエフ
6164,東証JQS,(株)太陽工機
6165,東証1部,パンチ工業(株)
6201,東証1部,(株)豊田自動織機
6203,東証1部,豊和工業(株)
6205,東証1部,ＯＫＫ
6208,東証1部,(株)石川製作所
6210,東証1部,東洋機械金属(株)
6217,東証1部,津田駒工業(株)
6218,東証1部,エンシュウ(株)
6222,東証1部,(株)島精機製作所
6245,東証2部,(株)ヒラノテクシード
6246,東証2部,(株)テクノスマート
6247,東証1部,(株)日阪製作所
6248,東証JQS,(株)横田製作所
6249,東証JQS,(株)ゲームカード・ジョイコホールディングス
6250,東証1部,(株)やまびこ
6254,東証JQS,野村マイクロ・サイエンス(株)
6255,マザーズ,(株)エヌ・ピー・シー
6256,東証JQS,(株)ニューフレアテクノロジー
6257,東証JQS,(株)藤商事
6258,東証JQS,平田機工(株)
6259,東証JQS,大崎エンジニアリング(株)
6260,東証JQS,(株)アドテックエンジニアリング
6262,東証1部,ペガサスミシン製造(株)
6264,マザーズ,(株)マルマエ
6265,東証JQS,(株)妙徳
6266,東証JQS,タツモ(株)
6267,東証JQS,ゼネラルパッカー(株)
6268,東証1部,ナブテスコ(株)
6269,東証1部,三井海洋開発(株)
6271,東証2部,(株)ニッセイ
6272,東証1部,レオン自動機(株)
6273,東証1部,ＳＭＣ(株)
6274,東証1部,(株)新川
6276,東証JQS,ナビタス(株)
6277,東証1部,ホソカワミクロン(株)
6278,東証1部,ユニオンツール(株)
6279,東証2部,(株)瑞光
6280,名証2部,(株)名機製作所
6281,東証JQS,(株)前田製作所
6282,東証1部,オイレス工業(株)
6284,東証1部,日精エー・エス・ビー機械(株)
6286,東証JQS,靜甲(株)
6287,東証1部,サトーホールディングス(株)
6289,東証2部,(株)技研製作所
6291,東証1部,日本エアーテック(株)
6292,東証2部,(株)カワタ
6293,東証1部,日精樹脂工業(株)
6294,東証2部,オカダアイヨン(株)
6295,名証2部,富士変速機(株)
6297,東証JQS,鉱研工業(株)
6298,東証1部,ワイエイシイ(株)
6299,東証2部,(株)神鋼環境ソリューション
6300,東証2部,アピックヤマダ(株)
6301,東証1部,コマツ
6302,東証1部,住友重機械工業(株)
6303,東証2部,(株)ササクラ
6305,東証1部,日立建機(株)
6306,東証1部,日工(株)
6307,東証2部,サンセイ(株)
6309,東証1部,巴工業(株)
6310,東証1部,井関農機(株)
6312,東証JQS,フロイント産業(株)
6314,東証JQS,(株)石井工作研究所
6315,東証1部,ＴＯＷＡ(株)
6316,東証1部,(株)丸山製作所
6317,東証1部,(株)北川鉄工所
6319,東証1部,(株)シンニッタン
6322,東証2部,(株)タクミナ
6323,東証JQS,ローツェ(株)
6324,東証JQS,(株)ハーモニック・ドライブ・システムズ
6325,東証2部,(株)タカキタ
6326,東証1部,(株)クボタ
6327,東証JQS,北川精機(株)
6328,東証1部,荏原実業(株)
6330,東証1部,東洋エンジニアリング(株)
6331,東証1部,三菱化工機(株)
6332,東証1部,月島機械(株)
6333,東証1部,(株)帝国電機製作所
6334,東証2部,明治機械(株)
6335,東証1部,(株)東京機械製作所
6336,東証2部,(株)石井表記
6337,東証JQS,(株)テセック
6338,東証2部,(株)タカトリ
6339,東証1部,新東工業(株)
6340,東証1部,澁谷工業(株)
6342,東証2部,(株)太平製作所
6343,東証2部,フリージア・マクロス(株)
6345,東証1部,(株)アイチコーポレーション
6346,東証2部,キクカワエンタープライズ(株)
6347,東証JQS,(株)プラコー
6349,東証1部,(株)小森コーポレーション
6351,東証1部,(株)鶴見製作所
6355,東証1部,住友精密工業(株)
6356,東証2部,日本ギア工業(株)
6357,東証2部,三精テクノロジーズ(株)
6358,東証1部,酒井重工業(株)
6360,東証2部,(株)東京自働機械製作所
6361,東証1部,荏原
6362,東証1部,(株)石井鐵工所
6363,東証1部,(株)酉島製作所
6364,東証1部,北越工業(株)
6365,東証2部,(株)電業社機械製作所
6366,東証1部,千代田化工建設(株)
6367,東証1部,ダイキン工業(株)
6368,東証1部,オルガノ(株)
6369,東証1部,トーヨーカネツ(株)
6370,東証1部,栗田工業(株)
6371,東証1部,(株)椿本チエイン
6373,東証1部,大同工業(株)
6375,東証1部,日本コンベヤ(株)
6376,東証1部,日機装(株)
6378,東証1部,木村化工機(株)
6379,東証1部,新興プランテック(株)
6380,東証2部,オリエンタルチエン工業(株)
6381,東証1部,アネスト岩田(株)
6382,東証2部,トリニティ工業(株)
6383,東証1部,(株)ダイフク
6384,東証JQS,(株)昭和真空
6387,東証1部,サムコ(株)
6390,東証1部,(株)加藤製作所
6391,東証2部,(株)加地テック
6392,東証2部,(株)ヤマダコーポレーション
6393,東証1部,油研工業(株)
6395,東証1部,(株)タダノ
6396,東証2部,(株)宇野澤組鐵工所
6397,東証2部,(株)郷鉄工所
6400,東証JQS,不二精機(株)
6402,東証2部,兼松エンジニアリング(株)
6403,東証JQS,水道機工(株)
6405,東証JQS,鈴茂器工(株)
6406,東証1部,フジテック(株)
6407,東証1部,ＣＫＤ(株)
6408,東証JQS,小倉クラッチ(株)
6409,東証1部,(株)キトー
6411,東証JQS,中野冷機(株)
6412,東証1部,(株)平和
6413,東証1部,理想科学工業(株)
6414,東証JQS,川重冷熱工業(株)
6416,東証JQS,桂川電機(株)
6417,東証1部,(株)ＳＡＮＫＹＯ
6418,東証1部,日本金銭機械(株)
6419,東証1部,(株)マースエンジニアリング
6420,東証1部,福島工業(株)
6424,東証JQS,(株)高見沢サイバネティックス
6425,東証JQS,(株)ユニバーサルエンターテインメント
6428,東証1部,(株)オーイズミ
6430,東証1部,ダイコク電機(株)
6432,東証JQS,(株)竹内製作所
6433,東証JQS,ヒーハイスト精工(株)
6436,東証1部,アマノ(株)
6439,名証2部,中日本鋳工(株)
6440,東証1部,ＪＵＫＩ(株)
6444,東証1部,サンデン(株)
6445,東証1部,蛇の目ミシン工業(株)
6448,東証1部,ブラザー工業(株)
6454,東証1部,マックス(株)
6455,東証1部,(株)モリタホールディングス
6457,東証1部,グローリー(株)
6458,東証1部,新晃工業(株)
6459,東証1部,大和冷機工業(株)
6460,東証1部,セガサミーホールディングス(株)
6461,東証1部,日本ピストンリング(株)
6462,東証1部,(株)リケン
6463,東証1部,ＴＰＲ(株)
6465,東証1部,ホシザキ電機(株)
6466,東証2部,東亜バルブエンジニアリング(株)
6467,東証JQS,(株)ニチダイ
6469,東証JQS,(株)放電精密加工研究所
6470,東証1部,大豊工業(株)
6471,東証1部,日本精工(株)
6472,東証1部,ＮＴＮ(株)
6473,東証1部,(株)ジェイテクト
6474,東証1部,(株)不二越
6476,東証JQS,(株)富士テクニカ宮津
6478,東証2部,ダイベア(株)
6479,東証1部,ミネベア(株)
6480,東証1部,日本トムソン(株)
6481,東証1部,ＴＨＫ(株)
6482,東証1部,(株)ユーシン精機
6484,東証JQS,(株)ＫＶＫ
6485,東証1部,前澤給装工業(株)
6486,東証1部,イーグル工業(株)
6487,東証2部,(株)積水工機製作所
6488,東証JQS,(株)ヨシタケ
6489,東証1部,前澤工業(株)
6490,東証1部,日本ピラー工業(株)
6492,東証2部,岡野バルブ製造(株)
6493,東証2部,日鍛バルブ(株)
6494,東証JQS,(株)ＮＦＫホールディングス
6495,東証2部,(株)宮入バルブ製作所
6496,東証2部,(株)中北製作所
6497,東証JQS,(株)ハマイ
6498,東証1部,(株)キッツ
6501,東証1部,(株)日立製作所
6502,東証1部,(株)東芝
6503,東証1部,三菱電機(株)
6504,東証1部,富士電機(株)
6505,東証1部,東洋電機製造(株)
6506,東証1部,(株)安川電機
6507,東証1部,シンフォニアテクノロジー(株)
6508,東証1部,(株)明電舎
6513,東証1部,オリジン電気(株)
6516,東証1部,山洋電気(株)
6517,東証1部,デンヨー(株)
6518,東証JQS,三相電機(株)
6581,東証1部,日立工機(株)
6584,東証1部,三桜工業(株)
6586,東証1部,(株)マキタ
6588,東証1部,東芝テック(株)
6590,東証1部,芝浦メカトロニクス(株)
6591,東証2部,西芝電機(株)
6592,東証1部,マブチモーター(株)
6593,東証JQS,ローヤル電機(株)
6594,東証1部,日本電産(株)
6616,東証JQS,トレックス・セミコンダクター(株)
6617,東証1部,(株)東光高岳
6618,マザーズ,(株)大泉製作所
6619,マザーズ,ダブル・スコープ(株)
6620,東証1部,宮越ホールディングス(株)
6622,東証1部,(株)ダイヘン
6623,名証1部,愛知電機(株)
6624,東証2部,田淵電機(株)
6625,東証JQS,ＪＡＬＣＯホールディングス(株)
6626,東証JQS,ＳＥＭＩＴＥＣ(株)
6627,マザーズ,(株)テラプローブ
6628,東証JQS,オンキヨー(株)
6629,東証JQS,テクノホライゾン・ホールディングス(株)
6630,東証1部,ヤーマン(株)
6632,東証1部,(株)ＪＶＣケンウッド
6633,東証JQS,(株)Ｃ＆Ｇシステムズ
6634,東証JQS,(株)ネクス
6635,東証JQS,(株)大日光・エンジニアリング
6636,東証JQS,(株)ＳＯＬ　Ｈｏｌｄｉｎｇｓ
6637,東証JQS,寺崎電気産業(株)
6638,東証JQS,(株)ミマキエンジニアリング
6639,東証2部,(株)コンテック
6640,東証1部,第一精工(株)
6641,東証1部,日新電機(株)
6643,東証2部,(株)戸上電機製作所
6644,東証1部,大崎電気工業(株)
6645,東証1部,オムロン(株)
6647,東証2部,森尾電機(株)
6648,東証JQS,(株)かわでん
6651,東証1部,日東工業(株)
6652,東証1部,ＩＤＥＣ(株)
6653,福証,(株)正興電機製作所
6654,東証2部,不二電機工業(株)
6655,名証2部,東洋電機(株)
6656,マザーズ,インスペック(株)
6658,東証JQS,シライ電子工業(株)
6659,東証JQS,(株)メディアグローバルリンクス
6661,東証JQS,オプテックス・エフエー(株)
6662,東証JQS,(株)ユビテック
6663,東証JQS,太洋工業(株)
6664,東証JQS,(株)オプトエレクトロニクス
6666,東証JQS,リバーエレテック(株)
6668,マザーズ,(株)アドテック　プラズマ　テクノロジー
6669,東証JQS,シーシーエス(株)
6670,マザーズ,(株)ＭＣＪ
6674,東証1部,(株)ジーエス・ユアサ　コーポレーション
6675,東証1部,サクサホールディングス(株)
6676,東証1部,(株)メルコホールディングス
6677,東証JQS,(株)エスケーエレクトロニクス
6678,東証1部,(株)テクノメディカ
6701,東証1部,ＮＥＣ
6702,東証1部,富士通(株)
6703,東証1部,ＯＫＩ
6704,東証1部,岩崎通信機(株)
6706,東証1部,電気興業(株)
6707,東証1部,サンケン電気(株)
6709,東証2部,明星電気(株)
6715,東証1部,(株)ナカヨ通信機
6716,東証JQS,テクニカル電子(株)
6718,東証1部,アイホン(株)
6719,東証2部,富士通コンポーネント(株)
6721,マザーズ,ウインテスト(株)
6722,東証JQS,(株)エイアンドティー
6723,東証1部,ルネサスエレクトロニクス(株)
6724,東証1部,セイコーエプソン(株)
6727,東証1部,(株)ワコム
6728,東証1部,(株)アルバック
6730,東証1部,(株)アクセル
6731,東証1部,(株)ピクセラ
6734,東証JQS,(株)ニューテック
6736,東証JQS,サン電子(株)
6737,東証1部,ＥＩＺＯ(株)
6740,東証1部,(株)ジャパンディスプレイ
6741,東証1部,日本信号(株)
6742,東証1部,(株)京三製作所
6743,東証2部,大同信号(株)
6744,東証1部,能美防災(株)
6745,東証1部,ホーチキ(株)
6747,東証2部,ＫＩホールディングス(株)
6748,東証2部,星和電機(株)
6750,東証1部,エレコム(株)
6751,東証1部,日本無線(株)
6752,東証1部,パナソニック(株)
6753,東証1部,シャープ(株)
6754,東証1部,アンリツ(株)
6755,東証1部,(株)富士通ゼネラル
6756,東証1部,(株)日立国際電気
6757,東証JQS,(株)ＯＳＧコーポレーション
6758,東証1部,ソニー(株)
6762,東証1部,ＴＤＫ(株)
6763,東証1部,帝国通信工業(株)
6767,東証1部,ミツミ電機(株)
6768,東証1部,(株)タムラ製作所
6769,東証JQS,ザインエレクトロニクス(株)
6770,東証1部,アルプス電気(株)
6771,東証1部,池上通信機(株)
6772,東証2部,東京コスモス電機(株)
6773,東証1部,パイオニア(株)
6775,東証2部,(株)ＴＢグループ
6776,東証2部,天昇電気工業(株)
6777,東証JQS,ｓａｎｔｅｃ(株)
6778,マザーズ,(株)アルチザネットワークス
6779,東証1部,日本電波工業(株)
6784,東証JQS,プラネックスホールディング(株)
6785,東証2部,(株)鈴木
6786,マザーズ,(株)リアルビジョン
6787,東証JQS,(株)メイコー
6788,東証1部,(株)日本トリム
6789,東証1部,ローランド　ディー．ジー．(株)
6791,東証1部,日本コロムビア(株)
6794,東証1部,フォスター電機(株)
6796,東証1部,クラリオン(株)
6797,名証2部,名古屋電機工業(株)
6798,東証1部,ＳＭＫ(株)
6800,東証1部,(株)ヨコオ
6801,東証1部,東光(株)
6803,東証1部,ティアック(株)
6804,東証1部,ホシデン(株)
6806,東証1部,ヒロセ電機(株)
6807,東証1部,日本航空電子工業(株)
6809,東証1部,ＴＯＡ(株)
6810,東証1部,日立マクセル(株)
6814,東証1部,古野電気(株)
6815,東証1部,ユニデン(株)
6816,東証1部,アルパイン(株)
6817,東証1部,スミダコーポレーション(株)
6819,東証JQS,ソーシャル・エコロジー・プロジェクト(株)
6820,東証1部,アイコム(株)
6822,東証JQS,大井電気(株)
6823,東証1部,リオン(株)
6824,東証JQS,新コスモス電機(株)
6826,東証2部,本多通信工業(株)
6832,東証2部,アオイ電子(株)
6833,東証2部,日本電産リード(株)
6834,東証JQS,(株)精工技研
6835,東証2部,アライドテレシスホールディングス(株)
6836,マザーズ,ぷらっとホーム(株)
6837,東証JQS,(株)京写
6838,東証JQS,(株)多摩川ホールディングス
6839,東証1部,船井電機(株)
6840,東証JQS,(株)アドテック
6841,東証1部,横河電機(株)
6844,東証1部,新電元工業(株)
6845,東証1部,アズビル(株)
6846,名証2部,(株)中央製作所
6848,東証1部,東亜ディーケーケー(株)
6849,東証1部,日本光電
6850,東証1部,(株)チノー
6852,東証JQS,(株)テクノ・セブン
6853,東証1部,(株)共和電業
6855,東証1部,日本電子材料(株)
6856,東証1部,(株)堀場製作所
6857,東証1部,(株)アドバンテスト
6858,東証1部,(株)小野測器
6859,東証1部,エスペック(株)
6860,東証1部,パナソニック　デバイスＳＵＮＸ(株)
6861,東証1部,(株)キーエンス
6862,東証JQS,ミナトエレクトロニクス(株)
6863,東証JQS,(株)ニレコ
6864,東証JQS,(株)エヌエフ回路設計ブロック
6866,東証1部,ＨＩＯＫＩ(株)
6867,東証JQS,リーダー電子(株)
6869,東証1部,シスメックス(株)
6870,東証JQS,日本フェンオール(株)
6871,東証JQS,(株)日本マイクロニクス
6874,東証JQS,協立電機(株)
6875,東証1部,(株)メガチップス
6877,東証1部,ＯＢＡＲＡ　ＧＲＯＵＰ(株)
6878,東証2部,長野日本無線(株)
6879,東証1部,(株)イマジカ・ロボット　ホールディングス
6881,東証2部,(株)キョウデン
6882,東証2部,(株)三社電機製作所
6883,東証1部,日本電産コパル電子(株)
6888,東証JQS,アクモス(株)
6889,東証JQS,オーデリック(株)
6890,東証JQS,(株)フェローテック
6891,東証JQS,イーター電機工業(株)
6894,東証2部,パルステック工業(株)
6895,東証2部,ダイヤモンド電機(株)
6896,名証2部,北川工業(株)
6897,東証2部,ツインバード工業(株)
6898,東証JQS,トミタ電機(株)
6899,東証2部,ＡＳＴＩ(株)
6901,東証1部,澤藤電機(株)
6902,東証1部,(株)デンソー
6904,東証JQS,原田工業(株)
6905,東証1部,コーセル(株)
6907,東証JQS,ジオマテック(株)
6908,東証JQS,イリソ電子工業(株)
6911,東証1部,新日本無線(株)
6912,東証JQS,菊水電子工業(株)
6914,東証1部,オプテックス(株)
6915,東証1部,千代田インテグレ(株)
6916,東証JQS,(株)アイ・オー・データ機器
6918,東証JQS,(株)アバールデータ
6919,東証JQS,ケル(株)
6920,東証1部,レーザーテック(株)
6923,東証1部,スタンレー電気(株)
6924,東証1部,岩崎電気(株)
6925,東証1部,ウシオ電機(株)
6926,東証1部,岡谷電機産業(株)
6927,東証1部,ヘリオス　テクノ　ホールディング(株)
6928,東証JQS,(株)エノモト
6929,東証1部,日本セラミック(株)
6930,東証JQS,日本アンテナ(株)
6932,東証1部,(株)遠藤照明
6935,東証1部,(株)日本デジタル研究所
6937,東証1部,古河電池(株)
6938,東証1部,双信電機(株)
6941,東証1部,山一電機(株)
6942,東証JQS,(株)ソフィアホールディングス
6943,東証JQS,ＮＫＫスイッチズ(株)
6944,東証JQS,(株)アイレックス
6945,東証2部,富士通フロンテック(株)
6946,東証2部,日本アビオニクス(株)
6947,東証1部,(株)図研
6950,東証2部,(株)ワイ・イー・データ
6951,東証1部,日本電子(株)
6952,東証1部,カシオ計算機(株)
6954,東証1部,ファナック(株)
6955,東証2部,ＦＤＫ(株)
6957,東証JQS,(株)芝浦電子
6958,東証1部,日本ＣＭＫ(株)
6960,東証JQS,フクダ電子(株)
6961,東証1部,(株)エンプラス
6962,東証1部,(株)大真空
6963,東証1部,ローム(株)
6964,東証2部,(株)サンコー
6965,東証1部,浜松ホトニクス(株)
6966,東証1部,(株)三井ハイテック
6967,東証1部,新光電気工業(株)
6969,東証2部,松尾電機(株)
6971,東証1部,京セラ(株)
6972,東証2部,エルナー(株)
6973,東証1部,協栄産業(株)
6974,東証2部,日本インター(株)
6976,東証1部,太陽誘電(株)
6977,東証2部,(株)日本抵抗器製作所
6981,東証1部,(株)村田製作所
6982,東証2部,(株)リード
6985,東証1部,(株)ユーシン
6986,東証1部,双葉電子工業(株)
6988,東証1部,日東電工(株)
6989,東証1部,北陸電気工業(株)
6992,東証2部,国産電機(株)
6993,東証2部,アジアグロースキャピタル(株)
6994,東証2部,(株)指月電機製作所
6995,東証1部,(株)東海理化
6996,東証1部,ニチコン(株)
6997,東証1部,日本ケミコン(株)
6998,東証2部,日本タングステン(株)
6999,東証1部,ＫＯＡ(株)
7003,東証1部,三井造船(株)
7004,東証1部,日立造船(株)
7007,東証1部,佐世保重工業(株)
7011,東証1部,三菱重工業(株)
7012,東証1部,川崎重工業(株)
7013,東証1部,(株)ＩＨＩ
7014,東証1部,(株)名村造船所
7018,東証2部,内海造船(株)
7021,東証2部,(株)ニッチツ
7022,東証1部,サノヤスホールディングス(株)
7102,東証1部,日本車輌製造(株)
7105,東証1部,ニチユ三菱フォークリフト(株)
7122,東証1部,近畿車輛(株)
7148,東証1部,(株)ＦＰＧ
7150,東証1部,(株)島根銀行
7157,マザーズ,ライフネット生命保険(株)
7161,東証1部,(株)じもとホールディングス
7162,東証JQS,アストマックス(株)
7164,東証1部,全国保証(株)
7167,東証1部,(株)足利ホールディングス
7169,東証JQS,(株)ニュートン・フィナンシャル・コンサルティング
7201,東証1部,日産自動車(株)
7202,東証1部,いすゞ自動車(株)
7203,東証1部,トヨタ自動車(株)
7205,東証1部,日野自動車(株)
7208,東証2部,(株)カネミツ
7211,東証1部,三菱自動車(株)
7212,東証1部,(株)エフテック
7213,東証1部,レシップホールディングス(株)
7214,東証1部,ＧＭＢ(株)
7215,東証2部,(株)ファルテック
7217,東証JQS,(株)テイン
7218,東証JQS,田中精密工業(株)
7219,東証JQS,(株)エッチ・ケー・エス
7220,東証1部,武蔵精密工業(株)
7222,東証1部,日産車体(株)
7224,東証1部,新明和工業(株)
7226,東証1部,極東開発工業(株)
7227,名証2部,アスカ(株)
7228,東証JQS,(株)デイトナ
7229,東証JQS,(株)ユタカ技研
7230,東証1部,日信工業(株)
7231,東証1部,トピー工業(株)
7235,東証2部,東京ラヂエーター製造(株)
7236,東証1部,(株)ティラド
7238,東証1部,曙ブレーキ工業(株)
7239,東証1部,(株)タチエス
7240,東証1部,ＮＯＫ(株)
7241,東証1部,フタバ産業(株)
7242,東証1部,ＫＹＢ
7243,東証1部,シロキ工業(株)
7244,東証1部,市光工業(株)
7245,東証1部,大同メタル工業(株)
7246,東証1部,プレス工業(株)
7247,東証2部,(株)ミクニ
7248,東証1部,カルソニックカンセイ(株)
7249,名証2部,尾張精機(株)
7250,東証1部,太平洋工業(株)
7251,東証1部,(株)ケーヒン
7254,東証2部,(株)ユニバンス
7255,東証JQS,(株)桜井製作所
7256,東証1部,河西工業(株)
7259,東証1部,アイシン精機(株)
7260,東証1部,富士機工(株)
7261,東証1部,マツダ(株)
7262,東証1部,ダイハツ工業(株)
7264,東証JQS,(株)ムロコーポレーション
7265,東証JQS,エイケン工業(株)
7266,東証1部,(株)今仙電機製作所
7267,東証1部,ホンダ
7268,東証JQS,(株)タツミ
7269,東証1部,スズキ(株)
7270,東証1部,富士重工業(株)
7271,東証1部,(株)安永
7272,東証1部,ヤマハ発動機(株)
7273,東証2部,(株)イクヨ
7274,東証1部,(株)ショーワ
7276,東証1部,(株)小糸製作所
7277,東証1部,(株)ＴＢＫ
7278,東証1部,(株)エクセディ
7279,東証2部,(株)ハイレックスコーポレーション
7280,東証1部,(株)ミツバ
7282,東証1部,豊田合成(株)
7283,東証1部,愛三工業(株)
7284,東証2部,盟和産業(株)
7287,東証2部,日本精機(株)
7291,東証2部,日本プラスト(株)
7292,東証2部,(株)村上開明堂
7294,東証1部,(株)ヨロズ
7296,東証1部,(株)エフ・シー・シー
7297,東証JQS,(株)カーメイト
7298,東証JQS,八千代工業(株)
7299,東証2部,フジオーゼックス(株)
7305,東証1部,新家工業(株)
7308,名証2部,(株)ツノダ
7309,東証1部,(株)シマノ
7312,東証1部,タカタ(株)
7313,東証1部,テイ・エス　テック(株)
7314,東証JQS,(株)小田原機器
7315,東証2部,ＩＪＴテクノロジーホールディングス(株)
7399,東証JQS,(株)ナンシン
7404,東証2部,昭和飛行機工業(株)
7408,東証2部,(株)ジャムコ
7412,東証2部,(株)アトム
7413,東証JQS,(株)創健社
7414,東証1部,小野建(株)
7415,東証JQS,(株)新星堂
7416,東証1部,はるやま商事(株)
7417,福証,(株)南陽
7419,東証JQS,(株)ノジマ
7420,東証1部,佐鳥電機(株)
7421,東証1部,カッパ・クリエイトホールディングス(株)
7422,東証JQS,東邦レマック(株)
7425,東証JQS,初穂商事(株)
7426,東証JQS,(株)山大
7427,東証1部,エコートレーディング(株)
7430,東証JQS,(株)サンワドー
7432,東証JQS,(株)ダルトン
7433,東証1部,伯東(株)
7434,東証JQS,(株)オータケ
7435,東証JQS,(株)ナ・デックス
7438,東証1部,コンドーテック(株)
7441,福証,(株)Ｍｉｓｕｍｉ
7442,東証1部,中山福(株)
7443,東証JQS,横浜魚類(株)
7444,東証2部,ハリマ共和物産(株)
7445,東証1部,(株)ライトオン
7446,東証JQS,東北化学薬品(株)
7447,東証1部,ナガイレーベン(株)
7448,東証1部,(株)ジーンズメイト
7450,東証JQS,(株)サンデー
7451,東証1部,三菱食品(株)
7452,東証JQS,(株)マツヤ
7453,東証1部,(株)良品計画
7455,東証1部,(株)三城ホールディングス
7456,東証1部,松田産業(株)
7458,東証JQS,(株)第一興商
7459,東証1部,(株)メディパルホールディングス
7460,東証2部,(株)ヤギ
7461,東証JQS,(株)キムラ
7462,東証JQS,ダイヤ通商(株)
7463,東証1部,(株)アドヴァン
7464,東証JQS,セフテック(株)
7465,東証JQS,マックスバリュ北海道(株)
7466,東証1部,ＳＰＫ(株)
7467,東証2部,萩原電気(株)
7472,東証JQS,(株)鳥羽洋行
7475,東証2部,アルビス(株)
7476,東証1部,アズワン(株)
7477,東証JQS,ムラキ(株)
7480,東証1部,スズデン(株)
7481,東証1部,尾家産業(株)
7482,東証1部,(株)シモジマ
7483,東証1部,(株)ドウシシャ
7485,名証1部,岡谷鋼機(株)
7486,東証JQS,サンリン(株)
7487,東証2部,小津産業(株)
7488,名証2部,(株)ヤガミ
7490,東証2部,日新商事(株)
7493,福証,(株)マルミヤストア
7494,東証1部,(株)コナカ
7500,東証JQS,西川計測(株)
7501,東証JQS,(株)ティムコ
7502,東証JQS,(株)プラザクリエイト
7504,東証1部,(株)高速
7505,東証2部,扶桑電通(株)
7506,東証1部,(株)ハウス　オブ　ローゼ
7508,東証1部,(株)Ｇ?７ホールディングス
7509,東証JQS,アイエーグループ(株)
7510,東証2部,(株)たけびし
7512,東証1部,イオン北海道(株)
7513,東証1部,(株)コジマ
7514,東証1部,(株)ヒマラヤ
7515,東証2部,(株)マルヨシセンター
7516,東証1部,コーナン商事(株)
7517,東証1部,黒田電気(株)
7518,東証1部,ネットワンシステムズ(株)
7519,東証JQS,五洋インテックス(株)
7520,東証1部,(株)エコス
7521,東証JQS,(株)ムサシ
7522,東証1部,ワタミ(株)
7523,東証JQS,アールビバン(株)
7524,東証1部,マルシェ(株)
7525,東証2部,リックス(株)
7527,東証JQS,(株)システムソフト
7531,東証JQS,清和中央ホールディングス(株)
7532,東証1部,(株)ドンキホーテホールディングス
7533,福証,(株)グリーンクロス
7537,東証1部,丸文(株)
7538,東証2部,(株)大水
7539,東証JQS,(株)アイナボホールディングス
7544,東証2部,(株)スリーエフ
7545,東証1部,(株)西松屋チェーン
7550,東証1部,(株)ゼンショーホールディングス
7551,東証JQS,(株)ウェッズ
7552,東証1部,(株)ハピネット
7554,東証1部,(株)幸楽苑
7555,東証JQS,(株)大田花き
7558,東証1部,(株)トーメンエレクトロニクス
7559,東証JQS,ジーエフシー(株)
7561,東証1部,(株)ハークスレイ
7562,東証2部,(株)安楽亭
7564,東証JQS,(株)ワークマン
7565,東証2部,萬世電機(株)
7567,東証JQS,(株)栄電子
7570,東証2部,橋本総業(株)
7571,東証JQS,(株)ヤマノホールディングス
7575,東証JQS,日本ライフライン(株)
7577,東証JQS,(株)パスポート
7578,東証JQS,(株)ニチリョク
7581,東証1部,(株)サイゼリヤ
7585,東証JQS,(株)かんなん丸
7587,東証JQS,(株)ＰＡＬＴＥＫ
7590,東証JQS,(株)タカショー
7591,東証1部,(株)エクセル
7593,東証JQS,ＶＴホールディングス(株)
7594,東証1部,マルカキカイ(株)
7595,東証1部,(株)アルゴグラフィックス
7596,東証2部,(株)魚力
7597,東証JQS,東京貴宝(株)
7598,東証JQS,(株)ナイスクラップ
7599,東証1部,(株)ガリバーインターナショナル
7600,東証1部,(株)日本エム・ディ・エム
7601,東証1部,(株)ポプラ
7602,東証2部,(株)カーチスホールディングス
7603,東証JQS,(株)マックハウス
7604,東証2部,(株)梅の花
7605,東証JQS,(株)フジ・コーポレーション
7606,東証1部,(株)ユナイテッドアローズ
7607,東証1部,(株)進和
7608,東証1部,(株)エスケイジャパン
7609,東証1部,ダイトエレクトロン(株)
7610,東証JQS,(株)テイツー
7611,東証1部,(株)ハイデイ日高
7612,東証JQS,(株)コモンウェルス・エンターテインメント
7613,東証1部,シークス(株)
7614,東証JQS,(株)オーエムツーネットワーク
7615,東証1部,京都きもの友禅(株)
7616,東証1部,(株)コロワイド
7618,東証JQS,(株)ピーシーデポコーポレーション
7619,東証1部,田中商事(株)
7621,東証JQS,(株)うかい
7623,東証JQS,(株)サンオータス
7624,東証JQS,(株)ＮａＩＴＯ
7625,東証2部,(株)グローバルダイニング
7628,東証1部,(株)オーハシテクニカ
7630,東証1部,(株)壱番屋
7631,東証1部,(株)マクニカ
7634,東証JQS,(株)星医療酸器
7635,東証JQS,杉田エース(株)
7636,東証JQS,(株)ハンズマン
7637,東証1部,白銅(株)
7638,東証JQS,(株)シーマ
7640,東証1部,(株)トップカルチャー
7643,東証JQS,(株)ダイイチ
7646,東証1部,(株)ＰＬＡＮＴ
7647,東証2部,(株)音通
7648,名証2部,(株)トーカン
7649,東証1部,スギホールディングス(株)
7701,東証1部,(株)島津製作所
7702,東証1部,(株)ＪＭＳ
7703,東証2部,川澄化学工業(株)
7705,東証2部,ジーエルサイエンス(株)
7707,東証JQS,プレシジョン・システム・サイエンス(株)
7708,東証JQG,石山Ｇａｔｅｗａｙ　Ｈｏｌｄｉｎｇｓ(株)
7709,東証1部,クボテック(株)
7711,東証JQS,助川電気工業(株)
7713,東証JQS,シグマ光機(株)
7714,東証1部,ショットモリテックス(株)
7715,東証1部,長野計器(株)
7716,東証JQS,(株)ナカニシ
7717,東証1部,(株)ブイ・テクノロジー
7718,東証1部,スター精密(株)
7719,東証2部,(株)東京衡機
7721,東証1部,東京計器(株)
7722,東証JQS,国際計測器(株)
7723,東証1部,愛知時計電機(株)
7725,マザーズ,(株)インターアクション
7726,東証2部,黒田精工(株)
7727,東証1部,(株)オーバル
7729,東証1部,(株)東京精密
7730,東証1部,マニー(株)
7731,東証1部,(株)ニコン
7732,東証1部,(株)トプコン
7733,東証1部,オリンパス(株)
7734,東証1部,理研計器(株)
7735,東証1部,大日本スクリーン製造(株)
7739,東証1部,キヤノン電子(株)
7740,東証1部,(株)タムロン
7741,東証1部,ＨＯＹＡ(株)
7743,東証2部,(株)シード
7744,東証1部,ノーリツ鋼機(株)
7745,東証1部,(株)エー・アンド・デイ
7746,東証JQS,岡本硝子(株)
7747,東証2部,朝日インテック(株)
7748,東証JQS,(株)ホロン
7749,東証JQS,メディキット(株)
7751,東証1部,キヤノン(株)
7752,東証1部,(株)リコー
7758,東証2部,(株)セコニックホールディングス
7760,東証JQS,ＩＭＶ(株)
7762,東証1部,シチズンホールディングス(株)
7768,東証2部,ジェコー(株)
7769,東証1部,リズム時計工業(株)
7771,東証JQS,日本精密(株)
7774,東証JQG,(株)ジャパン・ティッシュ・エンジニアリング
7775,東証1部,大研医器(株)
7776,東証JQG,(株)セルシード
7777,東証JQG,(株)スリー・ディー・マトリックス
7779,マザーズ,ＣＹＢＥＲＤＹＮＥ(株)
7817,東証1部,パラマウントベッドホールディングス(株)
7818,東証2部,(株)トランザクション
7819,東証1部,ＳＨＯ?ＢＩ(株)
7820,東証2部,ニホンフラッシュ(株)
7821,東証1部,前田工繊(株)
7822,東証1部,永大産業(株)
7823,東証1部,(株)アートネイチャー
7824,名古屋セ,(株)オプトロム
7825,東証1部,ダンロップスポーツ(株)
7826,東証JQS,(株)フルヤ金属
7827,東証JQS,(株)オービス
7829,マザーズ,(株)サマンサタバサジャパンリミテッド
7831,東証2部,(株)ウイルコホールディングス
7832,東証1部,(株)バンダイナムコホールディングス
7833,マザーズ,(株)アイフィスジャパン
7834,東証JQS,マルマン(株)
7835,東証JQS,(株)ウィズ
7836,東証JQS,アビックス(株)
7837,東証JQS,(株)アールシーコア
7838,東証1部,共立印刷(株)
7839,東証2部,(株)ＳＨＯＥＩ
7840,東証1部,フランスベッドホールディングス(株)
7841,東証JQS,(株)遠藤製作所
7844,東証1部,(株)マーベラスＡＱＬ
7846,東証1部,(株)パイロットコーポレーション
7847,東証JQS,(株)グラファイトデザイン
7849,東証JQS,スターツ出版(株)
7850,東証JQS,総合商研(株)
7851,東証2部,カワセコンピュータサプライ(株)
7853,マザーズ,(株)アジェット
7855,東証JQG,カーディナル(株)
7856,東証1部,萩原工業(株)
7857,東証JQS,セキ(株)
7858,東証JQS,小野産業(株)
7859,東証2部,(株)アルメディオ
7860,東証1部,エイベックス・グループ・ホールディングス(株)
7861,東証JQS,東京リスマチック(株)
7862,東証1部,トッパン・フォームズ(株)
7863,東証JQS,(株)平賀
7864,東証1部,(株)フジシールインターナショナル
7865,東証JQS,ピープル(株)
7867,東証1部,(株)タカラトミー
7868,東証1部,(株)廣済堂
7869,東証JQS,日本フォームサービス(株)
7870,名証2部,福島印刷(株)
7871,東証2部,フクビ化学工業(株)
7872,東証2部,Ａｓ?ｍｅエステール(株)
7873,東証1部,(株)アーク
7874,東証1部,レック(株)
7875,名証2部,竹田印刷(株)
7877,東証JQS,永大化工(株)
7878,東証JQS,(株)光彩工芸
7879,東証2部,(株)ノダ
7883,東証JQS,サンメッセ(株)
7885,東証1部,タカノ(株)
7886,東証JQS,ヤマト・インダストリー(株)
7887,東証2部,南海プライウッド(株)
7888,東証JQS,三光合成(株)
7889,東証JQS,(株)桑山
7891,東証JQS,日本ユピカ(株)
7893,東証1部,(株)プロネクサス
7894,福証,丸東産業(株)
7895,東証JQS,中央化学(株)
7896,東証2部,セブン工業(株)
7897,東証1部,ホクシン(株)
7898,東証1部,(株)ウッドワン
7899,東証JQS,ＭＩＣＳ化学(株)
7901,東証JQS,(株)マツモト
7902,東証JQS,(株)ソノコム
7903,名証2部,名古屋木材(株)
7905,東証1部,大建工業(株)
7906,東証2部,ヨネックス(株)
7907,名証2部,大日本木材防腐(株)
7908,東証1部,ＫＩＭＯＴＯ
7911,東証1部,凸版印刷(株)
7912,東証1部,大日本印刷(株)
7913,東証1部,図書印刷(株)
7914,東証1部,共同印刷(株)
7915,東証1部,日本写真印刷(株)
7916,東証1部,光村印刷(株)
7917,東証1部,藤森工業(株)
7918,東証JQS,(株)ヴィア・ホールディングス
7919,東証2部,野崎印刷紙業(株)
7920,東証2部,三浦印刷(株)
7921,東証1部,宝印刷(株)
7922,東証JQS,三光産業(株)
7923,東証JQS,トーイン(株)
7925,東証1部,前澤化成工業(株)
7927,東証JQS,ムトー精工(株)
7928,東証JQS,旭化学工業(株)
7931,名証2部,未来工業(株)
7932,東証JQS,(株)ニッピ
7936,東証1部,(株)アシックス
7937,東証1部,(株)ツツミ
7938,東証JQS,(株)リーガルコーポレーション
7939,東証JQS,(株)研創
7942,東証1部,(株)ＪＳＰ
7943,東証1部,ニチハ(株)
7944,東証1部,ローランド(株)
7945,名証2部,コマニー(株)
7946,東証2部,(株)光陽社
7947,東証1部,(株)エフピコ
7949,東証1部,小松ウオール工業(株)
7950,名証2部,日本デコラックス(株)
7951,東証1部,ヤマハ(株)
7952,東証1部,(株)河合楽器製作所
7953,名証2部,菊水化学工業(株)
7955,東証1部,クリナップ(株)
7956,東証1部,ピジョン(株)
7957,東証2部,フジコピアン(株)
7958,東証1部,天馬(株)
7959,名証2部,(株)オリバー
7961,東証1部,兼松日産農林(株)
7962,東証1部,(株)キングジム
7963,東証JQS,興研(株)
7965,東証2部,象印マホービン(株)
7966,東証1部,リンテック(株)
7968,東証1部,(株)ＴＡＳＡＫＩ
7970,東証1部,信越ポリマー(株)
7971,東証1部,東リ(株)
7972,東証1部,(株)イトーキ
7974,東証1部,任天堂(株)
7975,東証2部,(株)リヒトラブ
7976,東証1部,三菱鉛筆(株)
7979,東証1部,(株)松風
7980,東証JQS,(株)重松製作所
7981,東証1部,タカラスタンダード(株)
7983,東証2部,(株)ミロク
7984,東証1部,コクヨ(株)
7985,東証2部,ネポン(株)
7986,東証JQS,日本アイ・エス・ケイ(株)
7987,東証1部,ナカバヤシ(株)
7988,東証1部,(株)ニフコ
7989,東証2部,立川ブラインド工業(株)
7990,東証1部,グローブライド(株)
7991,東証2部,マミヤ・オーピー(株)
7992,東証2部,セーラー万年筆(株)
7994,東証1部,(株)岡村製作所
7995,東証1部,日本バルカー工業(株)
7997,東証2部,(株)くろがね工作所
7999,東証1部,ＭＵＴＯＨホールディングス(株)
8001,東証1部,伊藤忠商事(株)
8002,東証1部,丸紅(株)
8005,東証1部,(株)スクロール
8006,東証2部,ユアサ・フナショク(株)
8007,東証1部,高島(株)
8008,東証1部,４℃ホールディングス
8011,東証1部,(株)三陽商会
8012,東証1部,長瀬産業(株)
8013,東証1部,(株)ナイガイ
8014,東証1部,蝶理(株)
8015,東証1部,豊田通商(株)
8016,東証1部,(株)オンワードホールディングス
8018,東証1部,三共生興(株)
8020,東証1部,兼松(株)
8022,東証1部,ミズノ(株)
8023,東証2部,大興電子通信(株)
8025,東証1部,(株)ツカモトコーポレーション
8028,東証1部,(株)ファミリーマート
8029,東証1部,(株)ルック
8030,東証2部,中央魚類(株)
8031,東証1部,三井物産(株)
8032,東証1部,日本紙パルプ商事(株)
8035,東証1部,東京エレクトロン(株)
8036,東証1部,(株)日立ハイテクノロジーズ
8037,東証1部,カメイ(株)
8038,東証1部,東都水産(株)
8039,東証2部,築地魚市場(株)
8040,東証2部,(株)東京ソワール
8041,東証1部,ＯＵＧホールディングス(株)
8043,東証1部,スターゼン(株)
8044,東証2部,大都魚類(株)
8045,東証JQS,横浜丸魚(株)
8046,東証2部,丸藤シートパイル(株)
8050,東証1部,セイコーホールディングス(株)
8051,東証1部,(株)山善
8052,東証1部,椿本興業(株)
8053,東証1部,住友商事(株)
8056,東証1部,日本ユニシス(株)
8057,東証1部,(株)内田洋行
8058,東証1部,三菱商事(株)
8059,東証1部,第一実業(株)
8060,東証1部,キヤノンマーケティングジャパン(株)
8061,東証1部,西華産業(株)
8065,東証1部,佐藤商事(株)
8066,東証2部,三谷商事(株)
8068,東証1部,菱洋エレクトロ(株)
8070,東証1部,東京産業(株)
8071,名証2部,東海エレクトロニクス(株)
8072,東証JQS,日本出版貿易(株)
8073,東証JQS,(株)ＭＡＧねっとホールディングス
8074,東証1部,ユアサ商事(株)
8075,東証1部,神鋼商事(株)
8076,名証2部,(株)カノークス
8077,東証1部,小林産業(株)
8078,東証1部,阪和興業(株)
8079,東証2部,正栄食品工業(株)
8081,東証1部,(株)カナデン
8084,東証1部,菱電商事(株)
8085,東証2部,ナラサキ産業(株)
8086,東証1部,ニプロ(株)
8087,東証1部,フルサト工業(株)
8088,東証1部,岩谷産業(株)
8089,東証1部,すてきナイスグループ(株)
8090,東証1部,昭光通商(株)
8091,東証1部,ニチモウ(株)
8093,東証1部,極東貿易(株)
8095,東証1部,イワキ(株)
8096,東証1部,兼松エレクトロニクス(株)
8097,東証1部,三愛石油(株)
8098,東証1部,稲畑産業(株)
8101,東証1部,(株)ＧＳＩクレオス
8103,東証1部,明和産業(株)
8104,札証,(株)クワザワ
8105,東証2部,堀田丸正(株)
8107,東証1部,(株)キムラタン
8108,福証,ヤマエ久野(株)
8111,東証1部,(株)ゴールドウイン
8113,東証1部,ユニ・チャーム(株)
8114,東証1部,(株)デサント
8115,東証2部,ムーンバット(株)
8117,東証2部,中央自動車工業(株)
8118,東証1部,(株)キング
8119,東証JQS,(株)三栄コーポレーション
8120,東証JQS,(株)大木
8123,東証JQS,川辺(株)
8125,東証1部,(株)ワキタ
8127,東証1部,ヤマト　インターナショナル(株)
8129,東証1部,東邦ホールディングス(株)
8130,東証1部,(株)サンゲツ
8131,東証1部,(株)ミツウロコグループホールディングス
8132,東証1部,シナネン(株)
8133,東証1部,伊藤忠エネクス(株)
8135,東証2部,ゼット(株)
8136,東証1部,(株)サンリオ
8137,東証1部,サンワテクノス(株)
8138,東証2部,三京化成(株)
8139,東証2部,(株)ナガホリ
8140,東証1部,(株)リョーサン
8141,東証1部,新光商事(株)
8142,東証1部,(株)トーホー
8143,東証2部,(株)ラピーヌ
8144,東証2部,(株)電響社
8145,名証2部,中部水産(株)
8147,東証JQS,(株)トミタ
8148,東証2部,上原成商事(株)
8150,東証1部,三信電気(株)
8151,東証1部,(株)東陽テクニカ
8152,東証2部,ソマール(株)
8153,東証1部,(株)モスフードサービス
8154,東証1部,加賀電子(株)
8155,東証1部,三益半導体工業(株)
8157,東証2部,都築電気(株)
8158,東証1部,ソーダニッカ(株)
8159,東証1部,(株)立花エレテック
8160,東証1部,(株)木曽路
8163,東証1部,サトレストランシステムズ(株)
8165,東証1部,(株)千趣会
8166,東証1部,(株)タカキュー
8167,東証2部,(株)丸久
8168,東証1部,(株)ケーヨー
8170,東証1部,(株)アデランス
8171,名証2部,マックスバリュ中部(株)
8173,東証1部,上新電機(株)
8174,東証1部,日本瓦斯(株)
8175,東証1部,(株)ベスト電器
8178,東証1部,(株)マルエツ
8179,東証1部,ロイヤルホールディングス(株)
8181,東証1部,(株)東天紅
8182,東証1部,(株)いなげや
8184,東証1部,(株)島忠
8185,東証1部,(株)チヨダ
8186,東証JQS,(株)大塚家具
8190,名証2部,(株)ヤマナカ
8191,東証JQS,(株)光製作所
8194,東証1部,(株)ライフコーポレーション
8196,東証1部,(株)カスミ
8198,東証2部,マックスバリュ東海(株)
8200,東証1部,(株)リンガーハット
8201,東証1部,(株)さが美
8202,東証2部,ラオックス(株)
8203,東証1部,(株)ＭｒＭａｘ
8205,東証JQS,シャクリー・グローバル・グループ(株)
8207,東証1部,テンアライド(株)
8208,東証JQS,(株)エンチョー
8209,東証2部,(株)フレンドリー
8214,東証1部,(株)ＡＯＫＩホールディングス
8215,東証JQS,(株)銀座山形屋
8217,東証1部,(株)オークワ
8218,東証1部,(株)コメリ
8219,東証1部,青山商事(株)
8225,東証JQS,(株)タカチホ
8226,東証2部,(株)理経
8227,東証1部,(株)しまむら
8228,名証2部,(株)マルイチ産商
8229,東証1部,(株)ＣＦＳコーポレーション
8230,東証1部,(株)はせがわ
8233,東証1部,(株)高島屋
8237,東証1部,(株)松屋
8242,東証1部,エイチ・ツー・オー　リテイリング(株)
8244,東証1部,(株)近鉄百貨店
8245,東証1部,(株)丸栄
8247,東証2部,(株)大和
8248,東証1部,(株)ニッセンホールディングス
8249,東証2部,(株)テクノアソシエ
8251,東証1部,(株)パルコ
8252,東証1部,(株)丸井グループ
8253,東証1部,(株)クレディセゾン
8254,東証2部,(株)さいか屋
8255,東証1部,アクシアル　リテイリング(株)
8256,東証JQS,(株)プロルート丸光
8257,東証JQS,(株)山陽百貨店
8260,東証1部,(株)井筒屋
8263,東証1部,(株)ダイエー
8267,東証1部,イオン(株)
8270,東証1部,ユニーグループ・ホールディングス(株)
8273,東証1部,(株)イズミ
8274,東証1部,(株)東武ストア
8275,東証2部,(株)フォーバル
8276,東証1部,(株)平和堂
8278,東証1部,(株)フジ
8279,東証1部,(株)ヤオコー
8281,東証1部,ゼビオ(株)
8282,東証1部,(株)ケーズホールディングス
8283,東証1部,(株)Ｐａｌｔａｃ
8285,名証2部,三谷産業(株)
8287,東証2部,マックスバリュ西日本(株)
8289,東証1部,(株)Ｏｌｙｍｐｉｃグループ
8291,東証1部,日産東京販売ホールディングス(株)
8293,名証2部,(株)ＡＴグループ
8298,東証JQS,(株)ファミリー
8303,東証1部,(株)新生銀行
8304,東証1部,(株)あおぞら銀行
8306,東証1部,(株)三菱ＵＦＪフィナンシャル・グループ
8308,東証1部,(株)りそなホールディングス
8309,東証1部,三井住友トラスト・ホールディングス(株)
8316,東証1部,(株)三井住友フィナンシャルグループ
8324,東証1部,(株)第四銀行
8325,東証1部,(株)北越銀行
8327,東証1部,(株)西日本シティ銀行
8331,東証1部,(株)千葉銀行
8332,東証1部,(株)横浜銀行
8333,東証1部,(株)常陽銀行
8334,東証1部,(株)群馬銀行
8336,東証1部,(株)武蔵野銀行
8337,東証1部,(株)千葉興業銀行
8338,東証1部,(株)筑波銀行
8339,東証1部,(株)東京都民銀行
8341,東証1部,(株)七十七銀行
8342,東証1部,(株)青森銀行
8343,東証1部,(株)秋田銀行
8344,東証1部,(株)山形銀行
8345,東証1部,(株)岩手銀行
8346,東証1部,(株)東邦銀行
8349,東証1部,(株)東北銀行
8350,東証1部,(株)みちのく銀行
8354,東証1部,(株)ふくおかフィナンシャルグループ
8355,東証1部,(株)静岡銀行
8356,東証1部,(株)十六銀行
8358,東証1部,スルガ銀行(株)
8359,東証1部,(株)八十二銀行
8360,東証1部,(株)山梨中央銀行
8361,東証1部,(株)大垣共立銀行
8362,東証1部,(株)福井銀行
8363,東証1部,(株)北國銀行
8364,東証1部,(株)清水銀行
8365,名証2部,(株)富山銀行
8366,東証1部,(株)滋賀銀行
8367,東証1部,(株)南都銀行
8368,東証1部,(株)百五銀行
8369,東証1部,(株)京都銀行
8370,東証1部,(株)紀陽銀行
8374,東証1部,(株)三重銀行
8377,東証1部,(株)ほくほくフィナンシャルグループ
8379,東証1部,(株)広島銀行
8381,東証1部,(株)山陰合同銀行
8382,東証1部,(株)中国銀行
8383,東証1部,(株)鳥取銀行
8385,東証1部,(株)伊予銀行
8386,東証1部,(株)百十四銀行
8387,東証1部,(株)四国銀行
8388,東証1部,(株)阿波銀行
8390,東証1部,(株)鹿児島銀行
8392,東証1部,(株)大分銀行
8393,東証1部,(株)宮崎銀行
8394,東証1部,(株)肥後銀行
8395,東証1部,(株)佐賀銀行
8396,東証1部,(株)十八銀行
8397,東証1部,(株)沖縄銀行
8398,福証,(株)筑邦銀行
8399,東証1部,(株)琉球銀行
8409,東証1部,(株)八千代銀行
8410,東証1部,(株)セブン銀行
8411,東証1部,(株)みずほフィナンシャルグループ
8416,東証1部,(株)高知銀行
8418,東証1部,(株)山口フィナンシャルグループ
8423,東証1部,アクリーティブ(株)
8424,東証1部,芙蓉総合リース(株)
8425,東証1部,興銀リース(株)
8439,東証1部,東京センチュリーリース(株)
8462,東証JQS,フューチャーベンチャーキャピタル(株)
8473,東証1部,ＳＢＩホールディングス(株)
8508,東証2部,Ｊトラスト(株)
8511,東証1部,日本証券金融(株)
8513,名証2部,中部証券金融(株)
8515,東証1部,アイフル(株)
8518,東証1部,日本アジア投資(株)
8519,東証1部,ポケットカード(株)
8521,東証1部,(株)長野銀行
8522,東証1部,(株)名古屋銀行
8524,東証1部,(株)北洋銀行
8527,東証1部,(株)愛知銀行
8529,東証1部,(株)第三銀行
8530,東証1部,(株)中京銀行
8536,東証1部,(株)東日本銀行
8537,東証1部,(株)大光銀行
8540,福証,(株)福岡中央銀行
8541,東証1部,(株)愛媛銀行
8542,東証1部,(株)トマト銀行
8543,東証1部,(株)みなと銀行
8544,東証1部,(株)京葉銀行
8545,東証1部,(株)関西アーバン銀行
8550,東証1部,(株)栃木銀行
8551,東証1部,(株)北日本銀行
8554,福証,(株)南日本銀行
8558,東証1部,(株)東和銀行
8559,福証,(株)豊和銀行
8560,福証,(株)宮崎太陽銀行
8562,東証1部,(株)福島銀行
8563,東証1部,(株)大東銀行
8566,東証1部,リコーリース(株)
8570,東証1部,イオンフィナンシャルサービス(株)
8572,東証1部,アコム(株)
8584,東証1部,(株)ジャックス
8585,東証1部,(株)オリエントコーポレーション
8586,東証1部,日立キャピタル(株)
8589,東証1部,(株)アプラスフィナンシャル
8591,東証1部,オリックス(株)
8593,東証1部,三菱ＵＦＪリース(株)
8594,札証,中道リース(株)
8595,東証1部,(株)ジャフコ
8596,福証,(株)九州リースサービス
8600,東証1部,トモニホールディングス(株)
8601,東証1部,(株)大和証券グループ本社
8604,東証1部,野村ホールディングス(株)
8609,東証1部,(株)岡三証券グループ
8613,東証1部,丸三証券(株)
8614,東証1部,東洋証券(株)
8616,東証1部,東海東京フィナンシャル・ホールディングス(株)
8617,東証1部,光世証券(株)
8622,東証1部,水戸証券(株)
8624,東証1部,いちよし証券(株)
8625,東証2部,高木証券(株)
8628,東証1部,松井証券(株)
8630,東証1部,ＮＫＳＪホールディングス(株)
8634,東証1部外国,ジェー・ピー・モルガン・チェース・アンド・カンパニー
8648,東証1部外国,バンク・オブ・アメリカ
8685,東証1部外国,ＡＩＧ
8686,東証1部外国,アフラック
8692,東証1部,(株)だいこう証券ビジネス
8697,東証1部,(株)日本取引所グループ
8698,東証1部,マネックスグループ(株)
8699,東証JQS,澤田ホールディングス(株)
8700,東証JQS,丸八証券(株)
8702,東証JQS,スターホールディングス(株)
8703,東証1部,カブドットコム証券(株)
8704,東証JQS,トレイダーズホールディングス(株)
8705,東証JQS,岡藤ホールディングス(株)
8706,東証1部,極東証券(株)
8707,東証1部,岩井コスモホールディングス(株)
8708,東証JQS,藍澤證券(株)
8709,東証JQS,インヴァスト証券(株)
8710,東証1部外国,シティグループ
8711,東証JQS,(株)ＦＸプライムｂｙＧＭＯ
8713,東証1部,フィデアホールディングス(株)
8714,東証1部,(株)池田泉州ホールディングス
8715,東証1部,アニコム　ホールディングス(株)
8718,東証JQS,ＪＰＮホールディングス(株)
8725,東証1部,ＭＳ＆ＡＤインシュアランスグループホールディングス(株)
8728,東証1部,(株)マネースクウェア・ジャパン
8729,東証1部,ソニーフィナンシャルホールディングス(株)
8732,東証1部,(株)マネーパートナーズグループ
8737,東証2部,あかつきフィナンシャルグループ(株)
8739,東証JQS,スパークス・グループ(株)
8740,東証JQS,(株)フジトミ
8742,東証1部,(株)小林洋行
8746,東証JQS,第一商品(株)
8747,東証JQS,豊商事(株)
8750,東証1部,第一生命保険(株)
8766,東証1部,東京海上ホールディングス(株)
8767,マザーズ,(株)ウェブクルー
8769,東証JQS,(株)アドバンテッジリスクマネジメント
8771,東証1部,イー・ギャランティ(株)
8772,東証1部,(株)アサックス
8783,東証JQS,ＧＦＡ(株)
8787,東証JQS,(株)ＵＣＳ
8789,マザーズ,フィンテック　グローバル(株)
8793,東証1部,ＮＥＣキャピタルソリューション(株)
8795,東証1部,(株)Ｔ＆Ｄホールディングス
8798,東証JQS,(株)アドバンスクリエイト
8801,東証1部,三井不動産(株)
8802,東証1部,三菱地所(株)
8803,東証1部,平和不動産(株)
8804,東証1部,東京建物(株)
8806,東証1部,ダイビル(株)
8818,東証1部,京阪神ビルディング(株)
8830,東証1部,住友不動産(株)
8835,東証1部,太平洋興発(株)
8836,東証JQS,(株)ＲＩＳＥ
8840,東証1部,(株)大京
8841,東証1部,(株)テーオーシー
8842,東証1部,(株)東京楽天地
8844,東証JQS,(株)コスモスイニシア
8848,東証1部,(株)レオパレス２１
8850,東証JQS,スターツコーポレーション(株)
8851,東証2部,アーバンライフ(株)
8854,東証2部,(株)日住サービス
8860,東証1部,フジ住宅(株)
8864,東証1部,空港施設(株)
8869,東証1部,明和地所(株)
8870,東証1部,住友不動産販売(株)
8871,東証1部,(株)ゴールドクレスト
8876,東証1部,(株)リロ・ホールディング
8877,東証1部,日本エスリード(株)
8881,東証1部,日神不動産(株)
8885,東証JQG,(株)ラ・アトレ
8886,東証JQS,(株)ウッドフレンズ
8887,東証JQS,リベレステ(株)
8889,東証JQS,(株)アパマンショップホールディングス
8890,東証JQS,(株)レーサム
8891,東証2部,(株)エムジーホーム
8892,東証JQS,(株)日本エスコン
8893,東証JQS,(株)新日本建物
8894,東証2部,(株)原弘産
8897,東証1部,(株)タカラレーベン
8898,東証JQS,(株)センチュリー２１・ジャパン
8903,東証JQS,(株)サンウッド
8904,東証1部,(株)サンヨーハウジング名古屋
8905,東証1部,イオンモール(株)
8908,東証JQS,(株)毎日コムネット
8909,東証JQS,(株)シノケングループ
8912,マザーズ,(株)エリアクエスト
8914,マザーズ,エリアリンク(株)
8917,東証1部,ファースト住建(株)
8918,東証1部,(株)ランド
8920,東証1部,(株)東祥
8922,マザーズ,日本アセットマーケティング(株)
8923,東証1部,トーセイ(株)
8925,マザーズ,(株)アルデプロ
8927,東証JQS,(株)明豊エンタープライズ
8928,東証1部,穴吹興産(株)
8929,マザーズ,(株)青山財産ネットワークス
8931,東証JQS,和田興産(株)
8933,東証1部,ＮＴＴ都市開発(株)
8934,東証1部,サンフロンティア不動産(株)
8935,東証1部,(株)ＦＪネクスト
8938,東証JQG,(株)ロジコム
8940,東証2部,(株)インテリックス
8944,東証1部,(株)ランドビジネス
8945,マザーズ,日本社宅サービス(株)
8946,東証JQS,(株)陽光都市開発
8995,東証2部,(株)誠建設工業
8996,福岡Q,(株)ハウスフリーダム
8998,マザーズ,ＳＢＩライフリビング(株)
8999,東証1部,グランディハウス(株)
9001,東証1部,東武鉄道(株)
9003,東証1部,相鉄ホールディングス(株)
9005,東証1部,東京急行電鉄(株)
9006,東証1部,京浜急行電鉄(株)
9007,東証1部,小田急電鉄(株)
9008,東証1部,京王電鉄(株)
9009,東証1部,京成電鉄(株)
9010,東証1部,富士急行(株)
9012,東証JQS,秩父鉄道(株)
9014,東証1部,新京成電鉄(株)
9017,東証2部,新潟交通(株)
9020,東証1部,東日本旅客鉄道(株)
9021,東証1部,西日本旅客鉄道(株)
9022,東証1部,東海旅客鉄道(株)
9024,東証1部,(株)西武ホールディングス
9025,東証1部,鴻池運輸(株)
9027,札証,(株)ロジネット　ジャパン
9028,東証2部,(株)ゼロ
9029,東証2部,(株)ヒガシトゥエンティワン
9031,東証1部,西日本鉄道(株)
9033,東証2部,広島電鉄(株)
9034,東証JQS,南総通運(株)
9035,福証,第一交通産業(株)
9036,東証JQS,東部ネットワーク(株)
9037,東証1部,(株)ハマキョウレックス
9039,東証1部,(株)サカイ引越センター
9040,名証2部,大宝運輸(株)
9041,東証1部,近畿日本鉄道(株)
9042,東証1部,阪急阪神ホールディングス(株)
9044,東証1部,南海電気鉄道(株)
9045,東証1部,京阪電気鉄道(株)
9046,東証1部,神戸電鉄(株)
9047,東証1部,名糖運輸(株)
9048,東証1部,名古屋鉄道(株)
9049,東証2部,京福電気鉄道(株)
9051,東証JQS,センコン物流(株)
9052,東証1部,山陽電気鉄道(株)
9055,東証2部,(株)アルプス物流
9056,東証2部,(株)ヒューテックノオリン
9057,東証JQS,遠州トラック(株)
9058,東証1部,トランコム(株)
9059,東証2部,カンダホールディングス(株)
9060,東証JQS,日本ロジテム(株)
9062,東証1部,日本通運(株)
9063,東証2部,岡山県貨物運送(株)
9064,東証1部,ヤマトホールディングス(株)
9065,東証1部,山九(株)
9066,東証1部,(株)日新
9067,東証1部,(株)丸運
9068,東証1部,丸全昭和運輸(株)
9069,東証1部,センコー(株)
9070,東証1部,トナミホールディングス(株)
9072,東証1部,日本梱包運輸倉庫(株)
9073,東証JQS,京極運輸商事(株)
9074,東証1部,日本石油輸送(株)
9075,東証1部,福山通運(株)
9076,東証1部,セイノーホールディングス(株)
9077,名証2部,名鉄運輸(株)
9078,名証2部,(株)エスライン
9081,東証1部,神奈川中央交通(株)
9082,東証2部,大和自動車交通(株)
9083,東証2部,神姫バス(株)
9085,札証,北海道中央バス(株)
9086,東証1部,(株)日立物流
9087,東証JQS,タカセ(株)
9090,東証2部,(株)丸和運輸機関
9101,東証1部,日本郵船(株)
9104,東証1部,(株)商船三井
9107,東証1部,川崎汽船(株)
9110,東証1部,ＮＳユナイテッド海運(株)
9113,東証1部,乾汽船(株)
9115,東証1部,明治海運(株)
9119,東証1部,飯野海運(株)
9127,東証2部,玉井商船(株)
9130,東証1部,共栄タンカー(株)
9132,東証1部,第一中央汽船(株)
9133,東証JQS,(株)東栄リーファーライン
9171,東証2部,栗林商船(株)
9173,東証2部,東海汽船(株)
9176,東証JQS,佐渡汽船(株)
9179,東証2部,川崎近海汽船(株)
9180,東証JQS,新和内航海運(株)
9193,東証2部,東京汽船(株)
9201,東証1部,日本航空(株)
9202,東証1部,ＡＮＡホールディングス(株)
9204,東証1部,スカイマーク(株)
9206,東証2部,(株)スターフライヤー
9232,東証1部,(株)パスコ
9233,東証2部,アジア航測(株)
9301,東証1部,三菱倉庫(株)
9302,東証1部,三井倉庫(株)
9303,東証1部,(株)住友倉庫
9304,東証1部,澁澤倉庫(株)
9305,東証1部,(株)ヤマタネ
9306,東証1部,東陽倉庫(株)
9307,東証2部,(株)杉村倉庫
9308,東証2部,イヌイ倉庫(株)
9310,東証1部,日本トランスシティ(株)
9311,東証2部,アサガミ(株)
9312,東証1部,ケイヒン(株)
9313,東証2部,丸八倉庫(株)
9317,東証2部,(株)オーナミ
9318,東証2部,アジア・アライアンス・ホールディングス(株)
9319,東証1部,(株)中央倉庫
9320,東証2部,三和倉庫(株)
9322,東証2部,川西倉庫(株)
9324,東証1部,安田倉庫(株)
9351,東証1部,東洋埠頭(株)
9353,東証2部,櫻島埠頭(株)
9355,東証2部,(株)リンコーコーポレーション
9357,名証2部,名港海運(株)
9358,東証1部,(株)宇徳
9359,名証2部,伊勢湾海運(株)
9360,東証2部,鈴与シンワート(株)
9361,東証2部,伏木海陸運送(株)
9362,東証2部,兵機海運(株)
9363,東証2部,(株)大運
9364,東証1部,(株)上組
9365,東証2部,トレーディア(株)
9366,東証1部,(株)サンリツ
9367,東証JQS,大東港運(株)
9368,東証1部,キムラユニティー(株)
9369,東証1部,(株)キユーソー流通システム
9370,東証1部,郵船ロジスティクス(株)
9373,東証2部,(株)ニッコウトラベル
9375,東証1部,(株)近鉄エクスプレス
9376,東証JQS,(株)ユーラシア旅行社
9377,東証JQS,(株)エージーピー
9380,東証1部,東海運(株)
9381,東証1部,(株)エーアイテイー
9384,東証2部,内外トランスライン(株)
9385,東証JQG,(株)ショーエイコーポレーション
9386,東証JQS,日本コンセプト(株)
9399,マザーズ,新華ホールディングス・リミテッド
9401,東証1部,ＴＢＳホールディングス
9402,名証1部,中部日本放送(株)
9404,東証1部,日本テレビホールディングス(株)
9405,東証2部,朝日放送(株)
9407,福証,ＲＫＢ毎日放送(株)
9408,東証JQS,(株)新潟放送
9409,東証1部,(株)テレビ朝日ホールディングス
9412,東証1部,(株)スカパーＪＳＡＴホールディングス
9413,東証1部,(株)テレビ東京ホールディングス
9414,東証2部,ＢＳ１１
9419,マザーズ,(株)ワイヤレスゲート
9421,東証JQS,(株)ネプロジャパン
9422,東証1部,コネクシオ(株)
9423,東証JQS,(株)ＦＲＳ
9424,東証JQS,日本通信(株)
9425,東証JQS,日本テレホン(株)
9428,東証1部,(株)クロップス
9432,東証1部,日本電信電話(株)
9433,東証1部,ＫＤＤＩ(株)
9435,東証1部,(株)光通信
9436,東証JQS,沖縄セルラー電話(株)
9437,東証1部,(株)ＮＴＴドコモ
9438,東証JQS,(株)エムティーアイ
9439,東証JQS,(株)エム・エイチ・グループ
9441,東証JQS,(株)ベルパーク
9444,東証JQS,(株)トーシン
9445,マザーズ,(株)フォーバルテレコム
9446,東証JQS,(株)エスケーアイ
9449,東証1部,ＧＭＯインターネット(株)
9470,東証1部,(株)学研ホールディングス
9471,名証2部,(株)文溪堂
9474,東証1部,(株)ゼンリン
9475,東証1部,(株)昭文社
9476,東証JQS,(株)中央経済社
9477,東証1部,(株)ＫＡＤＯＫＡＷＡ
9478,東証JQS,ＳＥホールディングス・アンド・インキュベーションズ(株)
9479,東証1部,(株)インプレスホールディングス
9501,東証1部,東京電力(株)
9502,東証1部,中部電力(株)
9503,東証1部,関西電力(株)
9504,東証1部,中国電力(株)
9505,東証1部,北陸電力(株)
9506,東証1部,東北電力(株)
9507,東証1部,四国電力(株)
9508,東証1部,九州電力(株)
9509,東証1部,北海道電力(株)
9511,東証1部,沖縄電力(株)
9513,東証1部,Ｊ?ＰＯＷＥＲ
9514,マザーズ,(株)ファーストエスコ
9531,東証1部,東京ガス(株)
9532,東証1部,大阪ガス(株)
9533,東証1部,東邦ガス(株)
9534,東証1部,北海道ガス(株)
9535,東証2部,広島ガス(株)
9536,東証1部,西部ガス(株)
9537,東証2部,北陸ガス(株)
9539,東証2部,京葉瓦斯(株)
9540,名証2部,中部ガス(株)
9543,東証1部,静岡ガス(株)
9600,東証1部,(株)アイネット
9601,東証1部,松竹(株)
9602,東証1部,東宝(株)
9603,東証1部,(株)エイチ・アイ・エス
9605,東証1部,東映(株)
9607,東証1部,(株)ＡＯＩ　Ｐｒｏ．
9608,東証JQS,(株)福山コンサルタント
9610,東証JQS,ウィルソン・ラーニング　ワールドワイド(株)
9612,東証2部,(株)ラックランド
9613,東証1部,(株)ＮＴＴデータ
9616,東証1部,(株)共立メンテナンス
9619,東証1部,(株)イチネンホールディングス
9621,東証1部,(株)建設技術研究所
9622,東証1部,(株)スペース
9624,東証2部,(株)長大
9625,東証JQS,(株)セレスポ
9627,東証1部,(株)アインファーマシーズ
9628,東証1部,燦ホールディングス(株)
9629,東証2部,ピー・シー・エー(株)
9631,東証2部,(株)東急レクリエーション
9632,東証1部,スバル興業(株)
9633,東証1部,東京テアトル(株)
9635,東証2部,武蔵野興業(株)
9636,東証2部,(株)きんえい
9637,東証2部,オーエス(株)
9638,東証JQS,情報技術開発(株)
9639,東証JQS,三協フロンテア(株)
9640,東証JQS,(株)セゾン情報システムズ
9641,東証JQS,サコス(株)
9643,名証2部,中日本興業(株)
9644,東証JQS,(株)タナベ経営
9647,東証JQS,(株)協和コンサルタンツ
9651,東証JQS,日本プロセス(株)
9656,東証2部,グリーンランドリゾート(株)
9657,東証JQS,コムテック(株)
9658,東証JQS,(株)ビジネスブレイン太田昭和
9661,東証2部,(株)歌舞伎座
9663,東証JQS,(株)ナガワ
9664,名証2部,(株)御園座
9671,東証1部,(株)よみうりランド
9672,東証1部,東京都競馬(株)
9674,東証2部,花月園観光(株)
9675,東証1部,常磐興産(株)
9678,東証1部,(株)カナモト
9679,東証JQS,ホウライ(株)
9680,東証2部,(株)共成レンテム
9681,東証1部,(株)東京ドーム
9682,東証1部,(株)ＤＴＳ
9684,東証1部,(株)スクウェア・エニックス・ホールディングス
9685,東証JQS,ＫＹＣＯＭホールディングス(株)
9686,東証2部,東洋テック(株)
9687,東証JQS,(株)ＫＳＫ
9691,東証JQS,(株)両毛システムズ
9692,東証1部,(株)シーイーシー
9695,東証JQS,(株)鴨川グランドホテル
9696,東証JQS,(株)ウィザス
9697,東証1部,(株)カプコン
9698,東証JQS,(株)クレオ
9699,東証1部,西尾レントオール(株)
9701,東証2部,(株)東京會舘
9702,東証2部,(株)アイ・エス・ビー
9704,東証1部,(株)アゴーラ・ホスピタリティー・グループ
9706,東証1部,日本空港ビルデング(株)
9707,東証JQS,(株)ユニマットそよ風
9708,東証2部,(株)帝国ホテル
9709,東証2部,日本コンピューター・システム(株)
9713,東証2部,(株)ロイヤルホテル
9715,東証1部,トランスコスモス(株)
9716,東証1部,(株)乃村工藝社
9717,東証1部,(株)ジャステック
9719,東証1部,ＳＣＳＫ(株)
9720,東証JQS,(株)ホテル、ニューグランド
9722,東証1部,藤田観光(株)
9723,東証2部,(株)京都ホテル
9726,東証1部,ＫＮＴ?ＣＴホールディングス(株)
9728,東証1部,日本管財(株)
9729,東証1部,(株)トーカイ
9731,東証1部,(株)白洋舍
9733,東証JQS,(株)ナガセ
9734,東証JQS,(株)精養軒
9735,東証1部,セコム(株)
9736,東証JQS,(株)白青舎
9739,東証1部,ＮＳＷ
9740,東証1部,ＣＳＰ
9742,東証1部,(株)アイネス
9743,東証1部,(株)丹青社
9744,東証1部,(株)メイテック
9746,東証1部,(株)ＴＫＣ
9747,東証1部,(株)アサツー　ディ・ケイ
9748,東証2部,(株)ＮＪＫ
9749,東証1部,富士ソフト(株)
9753,東証JQS,アイエックス・ナレッジ(株)
9755,東証1部,応用地質(株)
9757,東証1部,(株)船井総合研究所
9758,東証JQS,ジャパンシステム(株)
9759,東証1部,(株)ＮＳＤ
9760,東証1部,(株)進学会
9761,東証2部,東海リース(株)
9763,東証1部,丸紅建材リース(株)
9764,東証2部,技研興業(株)
9765,東証2部,(株)オオバ
9766,東証1部,コナミ(株)
9767,東証2部,日建工学(株)
9768,東証JQS,いであ(株)
9769,東証JQS,(株)学究社
9776,東証JQS,札幌臨床検査センター(株)
9778,東証JQS,(株)昴
9780,東証JQS,(株)ハリマビステム
9782,東証JQS,(株)ディーエムエス
9783,東証1部,(株)ベネッセホールディングス
9787,東証1部,イオンディライト(株)
9788,東証1部,(株)ナック
9790,東証1部,福井コンピュータホールディングス(株)
9791,東証2部,(株)ビケンテクノ
9792,東証1部,(株)ニチイ学館
9793,東証1部,(株)ダイセキ
9795,東証1部,(株)ステップ
9797,東証2部,大日本コンサルタント(株)
9799,東証2部,旭情報サービス(株)
9810,東証1部,日鉄住金物産(株)
9812,東証JQS,(株)テーオー小笠原
9816,東証JQS,(株)ストライダーズ
9818,東証2部,大丸エナウィン(株)
9819,福証,(株)スーパー大栄
9820,東証JQS,エムティジェネックス(株)
9823,東証JQS,(株)マミーマート
9824,東証2部,泉州電業(株)
9826,東証2部,(株)ＪＥＵＧＩＡ
9827,東証JQS,リリカラ(株)
9828,東証1部,元気寿司(株)
9829,東証JQS,(株)ながの東急百貨店
9830,東証1部,トラスコ中山(株)
9831,東証1部,(株)ヤマダ電機
9832,東証1部,(株)オートバックスセブン
9835,東証2部,(株)ジュンテンドー
9836,東証JQS,リーバイ・ストラウス　ジャパン(株)
9837,東証2部,モリト(株)
9842,東証1部,アークランドサカモト(株)
9843,東証1部,(株)ニトリホールディングス
9845,東証2部,(株)パーカーコーポレーション
9846,東証2部,(株)天満屋ストア
9849,東証JQS,(株)共同紙販ホールディングス
9850,東証1部,(株)グルメ杵屋
9852,東証JQS,中央物産(株)
9853,東証JQS,(株)銀座ルノアール
9854,東証1部,愛眼(株)
9855,東証2部,(株)くろがねや
9856,東証1部,(株)ケーユーホールディングス
9857,東証2部,英和(株)
9861,東証1部,(株)吉野家ホールディングス
9866,福証,(株)マルキョウ
9867,東証JQS,ソレキア(株)
9869,東証1部,加藤産業(株)
9870,東証2部,(株)ハナテン
9872,東証2部,北恵(株)
9873,東証2部,日本ＫＦＣホールディングス(株)
9876,東証JQS,(株)コックス
9878,東証2部,(株)セキド
9880,東証1部,イノテック(株)
9882,東証1部,(株)イエローハット
9883,東証1部,富士エレクトロニクス(株)
9885,東証2部,(株)シャルレ
9887,東証1部,(株)松屋フーズ
9888,東証JQS,(株)ＵＥＸ
9889,東証1部,ＪＢＣＣホールディングス(株)
9890,東証JQS,(株)マキヤ
9892,東証JQS,(株)卑弥呼
9895,東証JQS,(株)コンセック
9896,東証1部,ＪＫホールディングス(株)
9898,東証JQS,(株)サハダイヤモンド
9899,東証2部,(株)ジョリーパスタ
9900,東証1部,(株)サガミチェーン
9902,東証1部,(株)日伝
9903,東証JQS,(株)カンセキ
9904,東証2部,(株)ベリテ
9906,東証JQS,藤井産業(株)
9908,東証JQS,日本電計(株)
9909,東証JQS,愛光電気(株)
9913,東証JQS,日邦産業(株)
9914,東証JQS,(株)植松商会
9919,東証1部,(株)関西スーパーマーケット
9922,東証2部,日立機材(株)
9924,名証2部,(株)ドミー
9927,東証JQS,(株)ワットマン
9928,東証1部,(株)ミロク情報サービス
9929,東証2部,平和紙業(株)
9930,東証1部,北沢産業(株)
9931,東証JQS,(株)家族亭
9932,東証1部,杉本商事(株)
9934,東証1部,因幡電機産業(株)
9936,東証1部,(株)王将フードサービス
9941,東証JQS,太洋物産(株)
9942,福証,(株)ジョイフル
9943,東証JQS,(株)ココスジャパン
9945,東証1部,(株)プレナス
9946,東証1部,ミニストップ(株)
9948,東証1部,(株)アークス
9950,東証JQS,(株)ハチバン
9955,東証JQS,(株)ヨンキュウ
9956,東証1部,(株)バロー
9957,東証1部,(株)バイテック
9959,東証2部,アシードホールディングス(株)
9960,東証JQS,東テク(株)
9962,東証1部,(株)ミスミグループ本社
9963,東証1部,江守グループホールディングス(株)
9964,東証JQS,(株)アイ・テック
9966,東証1部,藤久(株)
9967,東証2部,堺商事(株)
9969,東証2部,(株)ショクブン
9972,東証1部,アルテック(株)
9973,東証JQS,(株)小僧寿し
9974,東証1部,(株)ベルク
9976,東証JQS,(株)セキチュー
9977,東証JQS,(株)アオキスーパー
9978,東証JQS,(株)文教堂グループホールディングス
9979,東証1部,(株)大庄
9980,東証2部,マルコ(株)
9982,東証1部,タキヒヨー(株)
9983,東証1部,(株)ファーストリテイリング
9984,東証1部,ソフトバンク(株)
9986,東証2部,蔵王産業(株)
9987,東証1部,(株)スズケン
9989,東証1部,(株)サンドラッグ
9990,東証1部,(株)東京デリカ
9991,東証1部,ジェコス(株)
9992,東証JQS,(株)理研グリーン
9993,東証1部,(株)ヤマザワ
9994,東証1部,(株)やまや
9995,東証2部,(株)ルネサスイーストン
9996,東証JQS,(株)サトー商会
9997,東証1部,(株)ベルーナ
998405,国内指数,TOPIX
998407,国内指数,日経平均株価
